zipcode,borough,Population,Population Density,Housing Units,Median Home Value,Land Area,Water Area,Occupied Housing Units,Median Household Income,Male,Female,White,Black Or African American,American Indian Or Alaskan Native,Asian,Native Hawaiian & Other Pacific Islander,Other Race,Two Or More Races,Husband Wife Family Households,Single Guardian,Singles,Singles With Roommate,Households without Kids,Households with Kids,In Occupied Housing Units,Correctional Facility For Adults,Juvenile Facilities,Nursing Facilities,Other Institutional,College Student Housing,Military Quarters,Other Noninstitutional,Owned Households With A Mortgage,Owned Households Free & Clear,Renter Occupied Households,Households Vacant,For Rent,Rented & Unoccupied,For Sale Only,Sold & Unoccupied,For Season Recreational Or Occasional Use,For Migrant Workers,Vacant For Other Reasons,Studio Apartment,1 Bedroom,2 Bedroom,3+ Bedroom,Worked Full-time with Earnings,Worked Part-time with Earnings,No Earnings,"Car, truck, or van",Public transportation,Taxicab,Motorcycle,"Bicycle, Walked, or Other Means",Worked at Home,Less than High School Diploma,High School Graduate,Associate's degree,Bachelor's degree,Master's degree,Professional school degree,Doctorate degree,Enrolled in Public School,Enrolled in Private School,Not Enrolled in School
10001,Manhattan,21102.0,33959.0,12476.0,650200.0,0.62,0.0,11031.0,81671.0,10184.0,10918.0,13722.0,1897.0,75.0,3539.0,5.0,1063.0,801.0,2038.0,1138.0,5895.0,1960.0,9853.0,1178.0,18949.0,0.0,0.0,0.0,0.0,1394.0,0.0,759.0,1348.0,1487.0,8196.0,1445.0,758.0,32.0,60.0,24.0,278.0,0.0,293.0,1610.0,3869.0,1640.0,898.0,9455.0,5292.0,5223.0,745.0,5531.0,564.0,0.0,5061.0,932.0,1291.0,3067.0,515.0,5960.0,3399.0,1154.0,490.0,1145.0,544.0,62.0
10002,Manhattan,81410.0,92573.0,34541.0,535600.0,0.88,0.0,32925.0,33218.0,38570.0,42840.0,25506.0,6836.0,374.0,37914.0,32.0,7997.0,2751.0,10721.0,7370.0,11697.0,3137.0,25351.0,7574.0,79717.0,0.0,0.0,595.0,0.0,138.0,0.0,960.0,2336.0,2727.0,27862.0,1616.0,796.0,46.0,171.0,28.0,216.0,0.0,359.0,2337.0,10879.0,10460.0,4430.0,24027.0,15351.0,31648.0,3772.0,18772.0,391.0,36.0,10302.0,1492.0,22528.0,19195.0,2470.0,12969.0,3515.0,1208.0,586.0,8640.0,1646.0,989.0
10003,Manhattan,56024.0,97188.0,31078.0,817700.0,0.58,0.0,28559.0,92540.0,26750.0,29274.0,42794.0,1977.0,101.0,8088.0,24.0,1256.0,1784.0,5620.0,1453.0,16068.0,5418.0,26216.0,2343.0,46493.0,0.0,126.0,87.0,0.0,8506.0,0.0,812.0,5112.0,3278.0,20169.0,2519.0,782.0,76.0,311.0,106.0,1005.0,2.0,237.0,4305.0,9374.0,3956.0,1512.0,24791.0,15163.0,14169.0,1770.0,19295.0,1153.0,32.0,8892.0,2683.0,1668.0,6845.0,771.0,17797.0,8901.0,3819.0,1724.0,1184.0,1483.0,68.0
10004,Manhattan,3089.0,5519.0,2197.0,894200.0,0.56,0.0,1692.0,129313.0,1610.0,1479.0,2167.0,97.0,8.0,655.0,1.0,46.0,115.0,500.0,84.0,803.0,305.0,1441.0,251.0,3064.0,0.0,0.0,0.0,0.0,0.0,0.0,25.0,357.0,89.0,1246.0,505.0,60.0,0.0,133.0,8.0,170.0,0.0,134.0,423.0,380.0,196.0,70.0,1719.0,413.0,298.0,142.0,1024.0,31.0,0.0,625.0,144.0,39.0,327.0,84.0,869.0,456.0,276.0,36.0,278.0,35.0,12.0
10005,Manhattan,7135.0,97048.0,5317.0,1000001.0,0.07,0.0,4251.0,124670.0,3443.0,3692.0,5001.0,242.0,10.0,1480.0,2.0,160.0,240.0,732.0,198.0,2127.0,1194.0,3952.0,299.0,7119.0,0.0,0.0,0.0,0.0,0.0,0.0,16.0,555.0,104.0,3592.0,1066.0,206.0,22.0,288.0,20.0,175.0,19.0,336.0,1358.0,1174.0,543.0,90.0,4438.0,1284.0,666.0,142.0,3707.0,56.0,0.0,1199.0,192.0,123.0,450.0,36.0,2585.0,1293.0,697.0,219.0,202.0,42.0,20.0
10006,Manhattan,3011.0,32796.0,1991.0,714300.0,0.09,0.0,1791.0,119274.0,1519.0,1492.0,2088.0,137.0,4.0,591.0,0.0,97.0,94.0,325.0,80.0,888.0,498.0,1686.0,105.0,3011.0,0.0,0.0,0.0,0.0,0.0,0.0,0.0,264.0,30.0,1497.0,200.0,65.0,6.0,23.0,4.0,86.0,1.0,15.0,628.0,530.0,225.0,47.0,1699.0,514.0,132.0,46.0,1209.0,25.0,0.0,635.0,92.0,22.0,227.0,122.0,814.0,472.0,220.0,125.0,76.0,12.0,0.0
10007,Manhattan,6988.0,42751.0,3143.0,1000001.0,0.16,0.0,2840.0,216037.0,3958.0,3030.0,5281.0,471.0,5.0,878.0,6.0,90.0,257.0,1192.0,169.0,1052.0,427.0,2088.0,752.0,5962.0,850.0,0.0,0.0,0.0,172.0,0.0,4.0,661.0,166.0,2013.0,303.0,82.0,10.0,58.0,7.0,135.0,0.0,11.0,248.0,769.0,572.0,111.0,3026.0,1252.0,1203.0,274.0,2223.0,268.0,0.0,621.0,271.0,324.0,739.0,101.0,1767.0,1178.0,597.0,300.0,404.0,420.0,26.0
10008,Manhattan,,,,,,,,,,,,,,,,,,,,,,,,,,,,,,,,,,,,,,,,,,,,,,,,,,,,,,,,,,,,,,,,,
10009,Manhattan,61347.0,99492.0,31709.0,672800.0,0.62,0.0,30182.0,59929.0,28433.0,32914.0,38077.0,6036.0,304.0,8377.0,33.0,5946.0,2574.0,6099.0,4854.0,12834.0,6395.0,25589.0,4593.0,60123.0,0.0,0.0,269.0,0.0,0.0,0.0,955.0,1330.0,1224.0,27628.0,1527.0,957.0,65.0,15.0,5.0,182.0,0.0,303.0,3023.0,9877.0,10157.0,4182.0,25628.0,12577.0,18592.0,2347.0,19553.0,372.0,90.0,10115.0,1747.0,7791.0,10866.0,1583.0,17247.0,6824.0,2267.0,1155.0,4317.0,1254.0,282.0
10010,Manhattan,31834.0,81487.0,18030.0,746200.0,0.39,0.0,16556.0,97955.0,14755.0,17079.0,23493.0,1877.0,69.0,4586.0,15.0,779.0,1015.0,3798.0,1067.0,8814.0,2877.0,14906.0,1650.0,27896.0,0.0,33.0,0.0,0.0,2931.0,0.0,974.0,2650.0,1583.0,12323.0,1474.0,529.0,61.0,146.0,71.0,538.0,0.0,129.0,2089.0,5872.0,3420.0,617.0,13616.0,6261.0,8448.0,1381.0,9115.0,819.0,23.0,4737.0,1363.0,811.0,4294.0,1063.0,9334.0,4800.0,2461.0,668.0,1093.0,828.0,62.0
10011,Manhattan,50984.0,77436.0,33252.0,914500.0,0.66,0.0,30294.0,104238.0,25998.0,24986.0,40922.0,2348.0,110.0,4517.0,24.0,1496.0,1567.0,5800.0,1774.0,17717.0,5003.0,27404.0,2890.0,48753.0,165.0,34.0,135.0,27.0,1310.0,0.0,560.0,6694.0,3721.0,19879.0,2958.0,723.0,71.0,362.0,88.0,1212.0,0.0,502.0,4575.0,9690.0,3938.0,1027.0,26353.0,11030.0,10295.0,1923.0,18414.0,1647.0,47.0,9744.0,2150.0,1979.0,6627.0,1299.0,17389.0,9571.0,4483.0,1841.0,1459.0,2039.0,90.0
10012,Manhattan,24090.0,74517.0,14633.0,1000001.0,0.32,0.0,13338.0,86594.0,11840.0,12250.0,18203.0,596.0,30.0,3985.0,7.0,534.0,735.0,2963.0,893.0,7018.0,2464.0,11937.0,1401.0,22806.0,0.0,0.0,0.0,0.0,1093.0,0.0,191.0,1627.0,990.0,10721.0,1295.0,538.0,100.0,75.0,44.0,409.0,0.0,129.0,1605.0,5507.0,2939.0,781.0,13318.0,5619.0,5045.0,961.0,9131.0,441.0,74.0,5174.0,1135.0,1399.0,3264.0,369.0,8643.0,3689.0,1573.0,1642.0,1009.0,763.0,92.0
10013,Manhattan,27700.0,50154.0,13460.0,1000001.0,0.55,0.0,12096.0,83725.0,13951.0,13749.0,15407.0,1040.0,30.0,10006.0,4.0,489.0,724.0,4449.0,1225.0,4742.0,1680.0,9576.0,2520.0,25803.0,689.0,0.0,0.0,0.0,1047.0,0.0,161.0,2196.0,1025.0,8875.0,1364.0,466.0,38.0,231.0,41.0,385.0,0.0,203.0,799.0,4153.0,2282.0,659.0,9893.0,5303.0,7269.0,863.0,6950.0,520.0,16.0,3929.0,1033.0,3592.0,3331.0,265.0,6284.0,3392.0,1361.0,526.0,1412.0,1529.0,169.0
10014,Manhattan,31959.0,56119.0,21689.0,947300.0,0.57,0.0,19790.0,108483.0,15631.0,16328.0,28094.0,660.0,54.0,1874.0,10.0,393.0,874.0,3731.0,901.0,11606.0,3552.0,18054.0,1736.0,31395.0,0.0,0.0,165.0,8.0,299.0,0.0,92.0,3496.0,1835.0,14459.0,1899.0,540.0,54.0,135.0,110.0,811.0,3.0,246.0,3208.0,7280.0,2071.0,720.0,16096.0,7021.0,5154.0,1041.0,11013.0,1131.0,49.0,5431.0,1912.0,435.0,3676.0,617.0,12361.0,5406.0,2646.0,994.0,1066.0,806.0,118.0
10015,Manhattan,,,,,,,,,,,,,,,,,,,,,,,,,,,,,,,,,,,,,,,,,,,,,,,,,,,,,,,,,,,,,,,,,
10016,Manhattan,54183.0,101814.0,35617.0,759600.0,0.53,0.0,32173.0,105324.0,24814.0,29369.0,40517.0,2176.0,91.0,8998.0,26.0,1083.0,1292.0,6451.0,1697.0,17570.0,6455.0,29648.0,2525.0,52488.0,0.0,8.0,146.0,10.0,1113.0,0.0,418.0,5265.0,2689.0,24219.0,3444.0,1147.0,88.0,223.0,86.0,1442.0,2.0,456.0,4375.0,10647.0,3768.0,991.0,28116.0,8789.0,9981.0,1653.0,14390.0,1291.0,52.0,14240.0,1953.0,1316.0,5757.0,1126.0,17495.0,8271.0,4791.0,1118.0,1350.0,1469.0,213.0
10017,Manhattan,16575.0,51775.0,12875.0,637100.0,0.32,0.0,10763.0,100652.0,7485.0,9090.0,12503.0,544.0,15.0,2930.0,9.0,193.0,381.0,2265.0,445.0,6673.0,1380.0,10012.0,751.0,16391.0,0.0,0.0,0.0,0.0,0.0,0.0,184.0,2556.0,1353.0,6854.0,2112.0,410.0,40.0,220.0,58.0,1179.0,5.0,200.0,1956.0,3259.0,876.0,491.0,9721.0,2842.0,2552.0,483.0,4138.0,475.0,17.0,5901.0,619.0,320.0,1836.0,429.0,5801.0,3236.0,1257.0,497.0,354.0,223.0,14.0
10018,Manhattan,5229.0,16251.0,4425.0,1000001.0,0.32,0.0,3065.0,104635.0,2795.0,2434.0,2979.0,397.0,17.0,1343.0,1.0,325.0,167.0,435.0,223.0,1732.0,675.0,2831.0,234.0,5044.0,0.0,0.0,0.0,0.0,0.0,0.0,185.0,284.0,151.0,2630.0,1360.0,1153.0,8.0,24.0,4.0,129.0,2.0,40.0,627.0,1684.0,763.0,90.0,3852.0,1516.0,1122.0,231.0,2433.0,191.0,0.0,1896.0,239.0,428.0,1064.0,194.0,2127.0,1158.0,415.0,76.0,212.0,99.0,65.0
10019,Manhattan,42870.0,63042.0,31404.0,808600.0,0.68,0.0,25905.0,84424.0,21379.0,21491.0,29712.0,2364.0,127.0,7166.0,25.0,1992.0,1484.0,5343.0,1875.0,14510.0,4177.0,23680.0,2225.0,42298.0,0.0,0.0,0.0,91.0,123.0,0.0,358.0,2793.0,1828.0,21284.0,5499.0,1198.0,82.0,371.0,89.0,3235.0,0.0,524.0,4315.0,9974.0,3760.0,824.0,19423.0,8033.0,8410.0,1546.0,10989.0,583.0,8.0,9845.0,1387.0,2562.0,6198.0,1073.0,12128.0,6879.0,2977.0,1120.0,1046.0,519.0,252.0
10020,Manhattan,0.0,,0.0,,0.0,0.0,0.0,,,,,,,,,,,,,,,,,,,,,,,,,,,,,,,,,,,,,,,,,,,,,,,,,,,,,,,,,,
10021,Manhattan,43631.0,112711.0,28628.0,1000001.0,0.39,0.0,24734.0,107907.0,18894.0,24737.0,38391.0,791.0,54.0,3182.0,13.0,413.0,787.0,7967.0,1153.0,13473.0,2141.0,21284.0,3450.0,42346.0,0.0,0.0,363.0,0.0,641.0,0.0,281.0,5208.0,4795.0,14731.0,3894.0,689.0,65.0,528.0,161.0,2162.0,1.0,288.0,2816.0,6893.0,3032.0,1293.0,19065.0,6543.0,10143.0,2453.0,11033.0,1962.0,37.0,5661.0,2106.0,914.0,4839.0,1031.0,12921.0,8263.0,4141.0,1831.0,1179.0,2322.0,491.0
10022,Manhattan,31924.0,73158.0,23485.0,866100.0,0.44,0.0,19253.0,109019.0,14487.0,17437.0,27590.0,592.0,31.0,2872.0,17.0,303.0,519.0,5674.0,831.0,10857.0,1891.0,17434.0,1819.0,31116.0,0.0,0.0,0.0,0.0,474.0,0.0,334.0,4737.0,4390.0,10126.0,4232.0,806.0,70.0,357.0,98.0,2533.0,1.0,367.0,2405.0,4664.0,1713.0,745.0,14563.0,5309.0,7455.0,2251.0,6887.0,1079.0,0.0,6442.0,1411.0,402.0,3869.0,543.0,10835.0,5151.0,3181.0,1024.0,591.0,1192.0,14.0
10023,Manhattan,60998.0,124357.0,39402.0,872500.0,0.49,0.0,34383.0,103534.0,27578.0,33420.0,49739.0,2854.0,124.0,5471.0,17.0,1350.0,1443.0,10008.0,2240.0,18660.0,3475.0,29428.0,4955.0,59207.0,0.0,0.0,29.0,0.0,1511.0,0.0,251.0,7376.0,5435.0,21572.0,5019.0,1012.0,122.0,380.0,169.0,2754.0,0.0,582.0,3499.0,10419.0,4892.0,1627.0,25939.0,12079.0,15169.0,2392.0,20739.0,1268.0,41.0,6336.0,3150.0,1620.0,7291.0,1185.0,16474.0,13989.0,6097.0,2484.0,2198.0,3158.0,451.0
10024,Manhattan,59283.0,69106.0,33952.0,1000001.0,0.86,0.0,30836.0,109956.0,27436.0,31847.0,49185.0,3381.0,128.0,3258.0,24.0,1700.0,1607.0,10386.0,2318.0,14834.0,3298.0,25294.0,5542.0,57923.0,0.0,0.0,516.0,0.0,123.0,0.0,721.0,6439.0,3838.0,20559.0,3116.0,961.0,80.0,317.0,143.0,1200.0,0.0,415.0,2543.0,8880.0,4810.0,2394.0,24472.0,12105.0,13385.0,2523.0,22686.0,1197.0,0.0,4019.0,2517.0,2263.0,7322.0,885.0,15984.0,11755.0,6154.0,2489.0,2407.0,4955.0,326.0
10025,Manhattan,94600.0,125860.0,47617.0,934600.0,0.75,0.0,44432.0,68516.0,43291.0,51309.0,61358.0,13545.0,421.0,7803.0,54.0,7265.0,4154.0,12750.0,6236.0,19792.0,5654.0,36052.0,8380.0,87972.0,0.0,32.0,1043.0,21.0,3915.0,0.0,1617.0,7085.0,3837.0,33510.0,3185.0,1361.0,147.0,304.0,102.0,685.0,1.0,585.0,4373.0,12082.0,11389.0,5657.0,33110.0,23269.0,28696.0,3396.0,33317.0,913.0,185.0,6931.0,4101.0,7218.0,13679.0,2511.0,21443.0,17914.0,5784.0,4620.0,5759.0,4105.0,375.0
10026,Manhattan,34003.0,102315.0,15823.0,602400.0,0.33,0.0,14199.0,43107.0,15877.0,18126.0,7473.0,19960.0,266.0,1459.0,38.0,3101.0,1706.0,2832.0,4293.0,5403.0,1671.0,10169.0,4030.0,32543.0,213.0,0.0,30.0,0.0,0.0,0.0,1217.0,2019.0,717.0,11463.0,1624.0,733.0,53.0,327.0,57.0,44.0,0.0,410.0,795.0,3377.0,4948.0,2328.0,12637.0,5812.0,12060.0,1412.0,12240.0,125.0,23.0,1582.0,1268.0,4403.0,9654.0,1297.0,5404.0,3446.0,673.0,410.0,4657.0,1046.0,677.0
10027,Manhattan,59707.0,68513.0,25071.0,716100.0,0.87,0.0,22839.0,37872.0,27465.0,32242.0,18562.0,26420.0,459.0,4518.0,28.0,6813.0,2907.0,4897.0,6467.0,8664.0,2811.0,16760.0,6079.0,51653.0,0.0,233.0,64.0,0.0,6334.0,0.0,1423.0,1804.0,1165.0,19870.0,2232.0,1169.0,51.0,275.0,76.0,110.0,0.0,551.0,1478.0,5205.0,8611.0,4366.0,17459.0,12485.0,23011.0,2113.0,16305.0,233.0,36.0,5144.0,2039.0,7209.0,12966.0,1989.0,7917.0,6257.0,1193.0,2229.0,7027.0,1440.0,686.0
10028,Manhattan,45141.0,143683.0,28139.0,1000001.0,0.31,0.0,25158.0,104638.0,19961.0,25180.0,39596.0,767.0,35.0,3331.0,17.0,478.0,917.0,8038.0,1328.0,12988.0,2804.0,21321.0,3837.0,44983.0,0.0,11.0,0.0,0.0,0.0,0.0,147.0,4512.0,3803.0,16843.0,2981.0,965.0,69.0,297.0,125.0,1191.0,0.0,334.0,3609.0,8381.0,3745.0,766.0,21054.0,8580.0,8785.0,2695.0,15728.0,1631.0,0.0,4530.0,2100.0,862.0,4659.0,1065.0,14022.0,8644.0,4559.0,1552.0,1642.0,2949.0,214.0
10029,Manhattan,76003.0,92116.0,31121.0,787000.0,0.83,0.0,29378.0,31888.0,34808.0,41195.0,24775.0,23910.0,830.0,5241.0,78.0,17369.0,3800.0,6187.0,10696.0,10151.0,2344.0,20090.0,9288.0,71884.0,0.0,202.0,835.0,186.0,1037.0,0.0,1859.0,1118.0,908.0,27352.0,1743.0,1143.0,62.0,129.0,17.0,136.0,0.0,256.0,2285.0,8285.0,11133.0,5147.0,23285.0,12250.0,27178.0,2592.0,21306.0,340.0,16.0,5984.0,1099.0,13479.0,19656.0,2663.0,9045.0,3851.0,1719.0,754.0,11418.0,997.0,1844.0
10030,Manhattan,26999.0,96790.0,12976.0,509000.0,0.28,0.0,11395.0,31925.0,12560.0,14439.0,2958.0,19399.0,244.0,423.0,24.0,2887.0,1064.0,1784.0,3930.0,4745.0,936.0,7947.0,3448.0,26125.0,0.0,48.0,0.0,0.0,0.0,0.0,826.0,895.0,249.0,10251.0,1581.0,816.0,15.0,174.0,58.0,22.0,5.0,491.0,1439.0,3528.0,3400.0,1774.0,8291.0,5750.0,9089.0,1187.0,8354.0,175.0,102.0,1017.0,727.0,4452.0,8232.0,1100.0,3537.0,1533.0,386.0,139.0,3808.0,737.0,439.0
10031,Manhattan,56438.0,86722.0,22604.0,369800.0,0.65,0.0,20638.0,37655.0,27491.0,28947.0,14020.0,18908.0,752.0,1384.0,38.0,17517.0,3819.0,4502.0,7009.0,6426.0,2701.0,14365.0,6273.0,56036.0,0.0,16.0,0.0,0.0,0.0,0.0,386.0,1175.0,961.0,18502.0,1966.0,1014.0,61.0,150.0,50.0,77.0,1.0,613.0,1585.0,4928.0,6665.0,5295.0,18898.0,12590.0,17850.0,2681.0,21090.0,190.0,28.0,1897.0,1755.0,11054.0,15018.0,1938.0,7171.0,3879.0,839.0,397.0,7373.0,1036.0,857.0
10032,Manhattan,57331.0,87199.0,21417.0,334900.0,0.66,0.0,20228.0,34568.0,27659.0,29672.0,16205.0,12662.0,901.0,1987.0,40.0,21256.0,4280.0,4850.0,7044.0,5800.0,2534.0,14077.0,6151.0,56531.0,121.0,0.0,20.0,28.0,342.0,0.0,289.0,824.0,686.0,18718.0,1189.0,886.0,51.0,67.0,15.0,44.0,0.0,126.0,1084.0,5622.0,7141.0,4206.0,16764.0,14132.0,19221.0,3256.0,16135.0,170.0,22.0,3885.0,1707.0,14781.0,13839.0,1676.0,7222.0,2726.0,515.0,461.0,7114.0,620.0,855.0
10033,Manhattan,53926.0,89201.0,20116.0,422100.0,0.6,0.0,18975.0,41556.0,26461.0,27465.0,22900.0,5246.0,728.0,1253.0,35.0,19863.0,3901.0,5699.0,5844.0,5115.0,2317.0,13143.0,5832.0,53065.0,0.0,0.0,8.0,0.0,768.0,0.0,85.0,1333.0,644.0,16998.0,1141.0,691.0,46.0,56.0,64.0,105.0,0.0,179.0,871.0,5292.0,6570.0,4319.0,17746.0,14743.0,17375.0,3405.0,16740.0,398.0,0.0,4440.0,1784.0,12256.0,13461.0,2138.0,7413.0,3374.0,1077.0,1088.0,6005.0,1457.0,718.0
10034,Manhattan,38908.0,34544.0,15671.0,354700.0,1.13,0.0,15007.0,41171.0,18260.0,20648.0,14560.0,5000.0,601.0,886.0,29.0,14961.0,2871.0,4109.0,4831.0,4634.0,1433.0,10252.0,4755.0,38716.0,0.0,0.0,0.0,160.0,0.0,0.0,32.0,919.0,448.0,13640.0,664.0,534.0,34.0,19.0,9.0,33.0,0.0,35.0,685.0,6607.0,5082.0,1252.0,13584.0,9402.0,11239.0,3524.0,12457.0,121.0,0.0,2223.0,950.0,8423.0,10091.0,1394.0,5582.0,2953.0,490.0,315.0,5175.0,773.0,813.0
10035,Manhattan,33969.0,24329.0,13935.0,445900.0,1.4,0.0,12775.0,24533.0,17014.0,16955.0,8517.0,14795.0,439.0,1062.0,36.0,7333.0,1787.0,2320.0,4536.0,4947.0,972.0,8748.0,4027.0,31113.0,0.0,0.0,323.0,498.0,0.0,0.0,2035.0,926.0,266.0,11583.0,1160.0,714.0,41.0,148.0,58.0,37.0,0.0,162.0,1314.0,3734.0,4289.0,2082.0,8200.0,4934.0,14023.0,853.0,8793.0,70.0,0.0,1082.0,419.0,7990.0,8223.0,923.0,3050.0,1439.0,227.0,339.0,5030.0,600.0,650.0
10036,Manhattan,24711.0,55745.0,17958.0,810300.0,0.44,0.0,15183.0,66599.0,13786.0,10925.0,15736.0,2301.0,91.0,4224.0,17.0,1436.0,906.0,2270.0,1164.0,8919.0,2830.0,14018.0,1165.0,24161.0,0.0,0.0,0.0,0.0,0.0,0.0,550.0,1159.0,509.0,13515.0,2775.0,1664.0,41.0,50.0,26.0,751.0,0.0,243.0,3335.0,6585.0,2302.0,391.0,10620.0,6628.0,4756.0,831.0,6658.0,369.0,0.0,6387.0,1103.0,1131.0,4610.0,656.0,7188.0,3895.0,1230.0,423.0,718.0,194.0,139.0
10037,Manhattan,17416.0,65973.0,9451.0,260200.0,0.26,0.0,8885.0,37341.0,7307.0,10109.0,1465.0,13451.0,115.0,299.0,5.0,1376.0,705.0,1186.0,2652.0,4477.0,570.0,6872.0,2013.0,16929.0,0.0,0.0,196.0,42.0,0.0,0.0,249.0,344.0,310.0,8231.0,566.0,411.0,25.0,70.0,8.0,14.0,0.0,38.0,997.0,3517.0,2478.0,782.0,5066.0,3011.0,6413.0,791.0,4880.0,108.0,0.0,900.0,243.0,1612.0,5317.0,1033.0,2434.0,1105.0,637.0,77.0,2168.0,396.0,244.0
10038,Manhattan,20300.0,68214.0,10211.0,616300.0,0.3,0.0,9410.0,66074.0,9410.0,10890.0,10819.0,1630.0,45.0,6068.0,14.0,1021.0,703.0,2451.0,1357.0,3777.0,1825.0,8065.0,1345.0,18671.0,0.0,0.0,0.0,7.0,1533.0,0.0,89.0,1102.0,1268.0,7040.0,801.0,362.0,42.0,48.0,19.0,193.0,0.0,137.0,1164.0,2677.0,2146.0,985.0,8032.0,4316.0,5559.0,344.0,5924.0,179.0,0.0,4079.0,536.0,2470.0,2944.0,350.0,4873.0,2110.0,1209.0,298.0,1453.0,311.0,165.0
10039,Manhattan,24527.0,52965.0,10868.0,352300.0,0.46,0.0,10070.0,33595.0,10992.0,13535.0,2636.0,17120.0,173.0,442.0,7.0,3204.0,945.0,1745.0,4151.0,3481.0,693.0,6622.0,3448.0,24291.0,0.0,0.0,0.0,0.0,0.0,0.0,236.0,791.0,325.0,8954.0,798.0,486.0,17.0,170.0,3.0,7.0,1.0,114.0,522.0,2641.0,4227.0,1652.0,7110.0,5140.0,8597.0,1460.0,6947.0,41.0,0.0,789.0,407.0,3849.0,7088.0,1376.0,2803.0,1361.0,153.0,111.0,4080.0,730.0,438.0
10040,Manhattan,41905.0,111184.0,16506.0,317300.0,0.38,0.0,15718.0,42721.0,19326.0,22579.0,16204.0,4623.0,535.0,1141.0,23.0,16172.0,3207.0,4368.0,4955.0,4886.0,1509.0,10765.0,4953.0,40988.0,0.0,0.0,896.0,0.0,0.0,0.0,21.0,952.0,683.0,14083.0,788.0,560.0,28.0,54.0,21.0,62.0,0.0,63.0,748.0,7329.0,4376.0,1618.0,14172.0,9572.0,13765.0,2864.0,14227.0,145.0,0.0,2246.0,820.0,9079.0,10171.0,1353.0,6509.0,3145.0,603.0,596.0,5695.0,714.0,680.0
10041,Manhattan,,,,,,,,,,,,,,,,,,,,,,,,,,,,,,,,,,,,,,,,,,,,,,,,,,,,,,,,,,,,,,,,,
10043,Manhattan,,,,,,,,,,,,,,,,,,,,,,,,,,,,,,,,,,,,,,,,,,,,,,,,,,,,,,,,,,,,,,,,,
10044,Manhattan,11661.0,48251.0,4913.0,580400.0,0.24,0.0,4501.0,83066.0,5710.0,5951.0,5952.0,2482.0,26.0,2125.0,50.0,483.0,543.0,1703.0,644.0,1704.0,450.0,3388.0,1113.0,9763.0,0.0,0.0,1879.0,0.0,0.0,0.0,19.0,199.0,298.0,4004.0,412.0,248.0,9.0,63.0,18.0,41.0,0.0,33.0,758.0,1339.0,1199.0,721.0,4263.0,2070.0,4564.0,407.0,4253.0,111.0,0.0,730.0,176.0,1269.0,2508.0,305.0,1951.0,1701.0,724.0,891.0,760.0,362.0,48.0
10045,Manhattan,,,,,,,,,,,,,,,,,,,,,,,,,,,,,,,,,,,,,,,,,,,,,,,,,,,,,,,,,,,,,,,,,
10046,Manhattan,,,,,,,,,,,,,,,,,,,,,,,,,,,,,,,,,,,,,,,,,,,,,,,,,,,,,,,,,,,,,,,,,
10047,Manhattan,,,,,,,,,,,,,,,,,,,,,,,,,,,,,,,,,,,,,,,,,,,,,,,,,,,,,,,,,,,,,,,,,
10048,Manhattan,,,,,,,,,,,,,,,,,,,,,,,,,,,,,,,,,,,,,,,,,,,,,,,,,,,,,,,,,,,,,,,,,
10055,Manhattan,,,,,,,,,,,,,,,,,,,,,,,,,,,,,,,,,,,,,,,,,,,,,,,,,,,,,,,,,,,,,,,,,
10060,Manhattan,,,,,,,,,,,,,,,,,,,,,,,,,,,,,,,,,,,,,,,,,,,,,,,,,,,,,,,,,,,,,,,,,
10065,Manhattan,32270.0,83533.0,22754.0,1000001.0,0.39,0.0,18544.0,115519.0,14360.0,17910.0,27771.0,566.0,24.0,2878.0,4.0,410.0,617.0,5821.0,945.0,9784.0,1994.0,16053.0,2491.0,31951.0,0.0,0.0,0.0,0.0,128.0,0.0,191.0,2897.0,2884.0,12763.0,4210.0,1291.0,62.0,597.0,155.0,1746.0,0.0,359.0,2037.0,6248.0,3081.0,1027.0,16569.0,4906.0,7728.0,1749.0,7644.0,1216.0,0.0,7507.0,1723.0,442.0,4240.0,735.0,10477.0,5897.0,3642.0,1565.0,1015.0,1609.0,122.0
10069,Manhattan,5199.0,49908.0,3146.0,966600.0,0.1,0.0,2696.0,170630.0,2451.0,2748.0,3750.0,186.0,3.0,1048.0,0.0,66.0,146.0,1108.0,161.0,1169.0,258.0,2115.0,581.0,5199.0,0.0,0.0,0.0,0.0,0.0,0.0,0.0,604.0,199.0,1893.0,450.0,63.0,8.0,162.0,27.0,165.0,0.0,25.0,314.0,1244.0,521.0,48.0,2902.0,531.0,920.0,439.0,2072.0,114.0,0.0,461.0,189.0,0.0,412.0,141.0,1896.0,1157.0,591.0,112.0,150.0,248.0,46.0
10072,Manhattan,,,,,,,,,,,,,,,,,,,,,,,,,,,,,,,,,,,,,,,,,,,,,,,,,,,,,,,,,,,,,,,,,
10075,Manhattan,26121.0,141546.0,16493.0,805300.0,0.18,0.0,14622.0,102941.0,11205.0,14916.0,22970.0,521.0,24.0,1844.0,4.0,253.0,505.0,4540.0,723.0,7860.0,1499.0,12444.0,2178.0,25379.0,0.0,0.0,472.0,0.0,0.0,0.0,270.0,3373.0,2684.0,8565.0,1871.0,411.0,22.0,135.0,77.0,1010.0,0.0,216.0,1695.0,3776.0,1398.0,592.0,11490.0,4582.0,5824.0,1381.0,8490.0,793.0,10.0,2475.0,1236.0,469.0,2968.0,595.0,8893.0,4526.0,2404.0,895.0,831.0,1216.0,133.0
10079,Manhattan,,,,,,,,,,,,,,,,,,,,,,,,,,,,,,,,,,,,,,,,,,,,,,,,,,,,,,,,,,,,,,,,,
10080,Manhattan,,,,,,,,,,,,,,,,,,,,,,,,,,,,,,,,,,,,,,,,,,,,,,,,,,,,,,,,,,,,,,,,,
10081,Manhattan,,,,,,,,,,,,,,,,,,,,,,,,,,,,,,,,,,,,,,,,,,,,,,,,,,,,,,,,,,,,,,,,,
10082,Manhattan,,,,,,,,,,,,,,,,,,,,,,,,,,,,,,,,,,,,,,,,,,,,,,,,,,,,,,,,,,,,,,,,,
10087,Manhattan,,,,,,,,,,,,,,,,,,,,,,,,,,,,,,,,,,,,,,,,,,,,,,,,,,,,,,,,,,,,,,,,,
10090,Manhattan,,,,,,,,,,,,,,,,,,,,,,,,,,,,,,,,,,,,,,,,,,,,,,,,,,,,,,,,,,,,,,,,,
10094,Manhattan,,,,,,,,,,,,,,,,,,,,,,,,,,,,,,,,,,,,,,,,,,,,,,,,,,,,,,,,,,,,,,,,,
10095,Manhattan,,,,,,,,,,,,,,,,,,,,,,,,,,,,,,,,,,,,,,,,,,,,,,,,,,,,,,,,,,,,,,,,,
10096,Manhattan,,,,,,,,,,,,,,,,,,,,,,,,,,,,,,,,,,,,,,,,,,,,,,,,,,,,,,,,,,,,,,,,,
10098,Manhattan,,,,,,,,,,,,,,,,,,,,,,,,,,,,,,,,,,,,,,,,,,,,,,,,,,,,,,,,,,,,,,,,,
10099,Manhattan,,,,,,,,,,,,,,,,,,,,,,,,,,,,,,,,,,,,,,,,,,,,,,,,,,,,,,,,,,,,,,,,,
10101,Manhattan,,,,,,,,,,,,,,,,,,,,,,,,,,,,,,,,,,,,,,,,,,,,,,,,,,,,,,,,,,,,,,,,,
10102,Manhattan,,,,,,,,,,,,,,,,,,,,,,,,,,,,,,,,,,,,,,,,,,,,,,,,,,,,,,,,,,,,,,,,,
10103,Manhattan,3.0,314.0,0.0,,0.01,0.0,0.0,,1.0,2.0,1.0,2.0,0.0,0.0,0.0,0.0,0.0,,,,,,,0.0,0.0,0.0,0.0,0.0,0.0,0.0,3.0,,,,,,,,,,,,,,,,,,,,,,,,,,,,,,,,,,
10104,Manhattan,,,,,,,,,,,,,,,,,,,,,,,,,,,,,,,,,,,,,,,,,,,,,,,,,,,,,,,,,,,,,,,,,
10105,Manhattan,,,,,,,,,,,,,,,,,,,,,,,,,,,,,,,,,,,,,,,,,,,,,,,,,,,,,,,,,,,,,,,,,
10106,Manhattan,,,,,,,,,,,,,,,,,,,,,,,,,,,,,,,,,,,,,,,,,,,,,,,,,,,,,,,,,,,,,,,,,
10107,Manhattan,,,,,,,,,,,,,,,,,,,,,,,,,,,,,,,,,,,,,,,,,,,,,,,,,,,,,,,,,,,,,,,,,
10108,Manhattan,,,,,,,,,,,,,,,,,,,,,,,,,,,,,,,,,,,,,,,,,,,,,,,,,,,,,,,,,,,,,,,,,
10109,Manhattan,,,,,,,,,,,,,,,,,,,,,,,,,,,,,,,,,,,,,,,,,,,,,,,,,,,,,,,,,,,,,,,,,
10110,Manhattan,0.0,,0.0,,0.0,0.0,0.0,,,,,,,,,,,,,,,,,,,,,,,,,,,,,,,,,,,,,,,,1.0,0.0,1.0,0.0,0.0,0.0,0.0,1.0,0.0,0.0,1.0,0.0,0.0,0.0,0.0,1.0,,,
10111,Manhattan,0.0,,0.0,,0.0,0.0,0.0,,,,,,,,,,,,,,,,,,,,,,,,,,,,,,,,,,,,,,,,,,,,,,,,,,,,,,,,,,
10112,Manhattan,0.0,,0.0,,0.0,0.0,0.0,,,,,,,,,,,,,,,,,,,,,,,,,,,,,,,,,,,,,,,,,,,,,,,,,,,,,,,,,,
10113,Manhattan,,,,,,,,,,,,,,,,,,,,,,,,,,,,,,,,,,,,,,,,,,,,,,,,,,,,,,,,,,,,,,,,,
10114,Manhattan,,,,,,,,,,,,,,,,,,,,,,,,,,,,,,,,,,,,,,,,,,,,,,,,,,,,,,,,,,,,,,,,,
10115,Manhattan,0.0,,0.0,,0.0,0.0,0.0,,,,,,,,,,,,,,,,,,,,,,,,,,,,,,,,,,,,,,,,,,,,,,,,,,,,,,,,,,
10116,Manhattan,,,,,,,,,,,,,,,,,,,,,,,,,,,,,,,,,,,,,,,,,,,,,,,,,,,,,,,,,,,,,,,,,
10117,Manhattan,,,,,,,,,,,,,,,,,,,,,,,,,,,,,,,,,,,,,,,,,,,,,,,,,,,,,,,,,,,,,,,,,
10118,Manhattan,,,,,,,,,,,,,,,,,,,,,,,,,,,,,,,,,,,,,,,,,,,,,,,,,,,,,,,,,,,,,,,,,
10119,Manhattan,92.0,5592.0,0.0,,0.02,0.0,0.0,,61.0,31.0,23.0,58.0,0.0,3.0,0.0,7.0,1.0,,,,,,,0.0,0.0,0.0,0.0,0.0,0.0,0.0,92.0,,,,,,,,,,,,,,,,,,,,,,,,,,,,,,,,,,
10120,Manhattan,,,,,,,,,,,,,,,,,,,,,,,,,,,,,,,,,,,,,,,,,,,,,,,,,,,,,,,,,,,,,,,,,
10121,Manhattan,,,,,,,,,,,,,,,,,,,,,,,,,,,,,,,,,,,,,,,,,,,,,,,,,,,,,,,,,,,,,,,,,
10122,Manhattan,,,,,,,,,,,,,,,,,,,,,,,,,,,,,,,,,,,,,,,,,,,,,,,,,,,,,,,,,,,,,,,,,
10123,Manhattan,,,,,,,,,,,,,,,,,,,,,,,,,,,,,,,,,,,,,,,,,,,,,,,,,,,,,,,,,,,,,,,,,
10124,Manhattan,,,,,,,,,,,,,,,,,,,,,,,,,,,,,,,,,,,,,,,,,,,,,,,,,,,,,,,,,,,,,,,,,
10125,Manhattan,,,,,,,,,,,,,,,,,,,,,,,,,,,,,,,,,,,,,,,,,,,,,,,,,,,,,,,,,,,,,,,,,
10126,Manhattan,,,,,,,,,,,,,,,,,,,,,,,,,,,,,,,,,,,,,,,,,,,,,,,,,,,,,,,,,,,,,,,,,
10128,Manhattan,60453.0,128441.0,35240.0,1000001.0,0.47,0.0,32306.0,96296.0,26876.0,33577.0,48582.0,2854.0,94.0,5817.0,21.0,1468.0,1617.0,10158.0,2537.0,15431.0,4180.0,26825.0,5481.0,59865.0,0.0,0.0,143.0,8.0,401.0,0.0,36.0,6015.0,3687.0,22604.0,2934.0,1197.0,101.0,219.0,135.0,974.0,0.0,308.0,3885.0,11144.0,5554.0,1448.0,26259.0,12162.0,13476.0,3210.0,22604.0,1554.0,99.0,4563.0,2490.0,2069.0,6975.0,1380.0,18741.0,10624.0,5526.0,1960.0,1689.0,5187.0,562.0
10129,Manhattan,,,,,,,,,,,,,,,,,,,,,,,,,,,,,,,,,,,,,,,,,,,,,,,,,,,,,,,,,,,,,,,,,
10130,Manhattan,,,,,,,,,,,,,,,,,,,,,,,,,,,,,,,,,,,,,,,,,,,,,,,,,,,,,,,,,,,,,,,,,
10131,Manhattan,,,,,,,,,,,,,,,,,,,,,,,,,,,,,,,,,,,,,,,,,,,,,,,,,,,,,,,,,,,,,,,,,
10132,Manhattan,,,,,,,,,,,,,,,,,,,,,,,,,,,,,,,,,,,,,,,,,,,,,,,,,,,,,,,,,,,,,,,,,
10133,Manhattan,,,,,,,,,,,,,,,,,,,,,,,,,,,,,,,,,,,,,,,,,,,,,,,,,,,,,,,,,,,,,,,,,
10138,Manhattan,,,,,,,,,,,,,,,,,,,,,,,,,,,,,,,,,,,,,,,,,,,,,,,,,,,,,,,,,,,,,,,,,
10149,Manhattan,,,,,,,,,,,,,,,,,,,,,,,,,,,,,,,,,,,,,,,,,,,,,,,,,,,,,,,,,,,,,,,,,
10150,Manhattan,,,,,,,,,,,,,,,,,,,,,,,,,,,,,,,,,,,,,,,,,,,,,,,,,,,,,,,,,,,,,,,,,
10151,Manhattan,,,,,,,,,,,,,,,,,,,,,,,,,,,,,,,,,,,,,,,,,,,,,,,,,,,,,,,,,,,,,,,,,
10152,Manhattan,0.0,,0.0,,0.0,0.0,0.0,,,,,,,,,,,,,,,,,,,,,,,,,,,,,,,,,,,,,,,,,,,,,,,,,,,,,,,,,,
10153,Manhattan,0.0,,0.0,,0.0,0.0,0.0,,,,,,,,,,,,,,,,,,,,,,,,,,,,,,,,,,,,,,,,,,,,,,,,,,,,,,,,,,
10154,Manhattan,0.0,,0.0,,0.0,0.0,0.0,,,,,,,,,,,,,,,,,,,,,,,,,,,,,,,,,,,,,,,,,,,,,,,,,,,,,,,,,,
10155,Manhattan,,,,,,,,,,,,,,,,,,,,,,,,,,,,,,,,,,,,,,,,,,,,,,,,,,,,,,,,,,,,,,,,,
10156,Manhattan,,,,,,,,,,,,,,,,,,,,,,,,,,,,,,,,,,,,,,,,,,,,,,,,,,,,,,,,,,,,,,,,,
10157,Manhattan,,,,,,,,,,,,,,,,,,,,,,,,,,,,,,,,,,,,,,,,,,,,,,,,,,,,,,,,,,,,,,,,,
10158,Manhattan,,,,,,,,,,,,,,,,,,,,,,,,,,,,,,,,,,,,,,,,,,,,,,,,,,,,,,,,,,,,,,,,,
10159,Manhattan,,,,,,,,,,,,,,,,,,,,,,,,,,,,,,,,,,,,,,,,,,,,,,,,,,,,,,,,,,,,,,,,,
10160,Manhattan,,,,,,,,,,,,,,,,,,,,,,,,,,,,,,,,,,,,,,,,,,,,,,,,,,,,,,,,,,,,,,,,,
10161,Manhattan,,,,,,,,,,,,,,,,,,,,,,,,,,,,,,,,,,,,,,,,,,,,,,,,,,,,,,,,,,,,,,,,,
10162,Manhattan,1685.0,148228.0,824.0,,0.01,0.0,801.0,168667.0,765.0,920.0,1519.0,17.0,0.0,98.0,0.0,14.0,37.0,356.0,56.0,331.0,58.0,560.0,241.0,1684.0,0.0,0.0,0.0,0.0,0.0,0.0,1.0,2.0,2.0,797.0,23.0,14.0,3.0,0.0,0.0,6.0,0.0,0.0,15.0,402.0,197.0,86.0,704.0,43.0,195.0,66.0,344.0,208.0,0.0,71.0,0.0,13.0,31.0,31.0,564.0,171.0,12.0,120.0,76.0,203.0,54.0
10163,Manhattan,,,,,,,,,,,,,,,,,,,,,,,,,,,,,,,,,,,,,,,,,,,,,,,,,,,,,,,,,,,,,,,,,
10164,Manhattan,,,,,,,,,,,,,,,,,,,,,,,,,,,,,,,,,,,,,,,,,,,,,,,,,,,,,,,,,,,,,,,,,
10165,Manhattan,2.0,397.0,2.0,,0.01,0.0,2.0,,0.0,2.0,0.0,0.0,0.0,2.0,0.0,0.0,0.0,0.0,0.0,2.0,0.0,2.0,0.0,2.0,0.0,0.0,0.0,0.0,0.0,0.0,0.0,0.0,0.0,2.0,0.0,,,,,,,,,,,,,,,,,,,,,,,,,,,,,,
10166,Manhattan,,,,,,,,,,,,,,,,,,,,,,,,,,,,,,,,,,,,,,,,,,,,,,,,,,,,,,,,,,,,,,,,,
10167,Manhattan,0.0,,0.0,,0.0,0.0,0.0,,,,,,,,,,,,,,,,,,,,,,,,,,,,,,,,,,,,,,,,,,,,,,,,,,,,,,,,,,
10168,Manhattan,0.0,,0.0,,0.0,0.0,0.0,,,,,,,,,,,,,,,,,,,,,,,,,,,,,,,,,,,,,,,,,,,,,,,,,,,,,,,,,,
10169,Manhattan,0.0,,0.0,,0.0,0.0,0.0,,,,,,,,,,,,,,,,,,,,,,,,,,,,,,,,,,,,,,,,,,,,,,,,,,,,,,,,,,
10170,Manhattan,2.0,208.0,0.0,,0.01,0.0,0.0,,1.0,1.0,0.0,1.0,0.0,1.0,0.0,0.0,0.0,,,,,,,0.0,0.0,0.0,0.0,0.0,0.0,0.0,2.0,,,,,,,,,,,,,,,,,,,,,,,,,,,,,,,,,,
10171,Manhattan,0.0,,0.0,,0.0,0.0,0.0,,,,,,,,,,,,,,,,,,,,,,,,,,,,,,,,,,,,,,,,,,,,,,,,,,,,,,,,,,
10172,Manhattan,0.0,,0.0,,0.0,0.0,0.0,,,,,,,,,,,,,,,,,,,,,,,,,,,,,,,,,,,,,,,,,,,,,,,,,,,,,,,,,,
10173,Manhattan,2.0,421.0,0.0,,0.0,0.0,0.0,,2.0,0.0,1.0,1.0,0.0,0.0,0.0,0.0,0.0,,,,,,,0.0,0.0,0.0,0.0,0.0,0.0,0.0,2.0,,,,,,,,,,,,,,,,,,,,,,,,,,,,,,,,,,
10174,Manhattan,0.0,,0.0,,0.0,0.0,0.0,,,,,,,,,,,,,,,,,,,,,,,,,,,,,,,,,,,,,,,,,,,,,,,,,,,,,,,,,,
10175,Manhattan,,,,,,,,,,,,,,,,,,,,,,,,,,,,,,,,,,,,,,,,,,,,,,,,,,,,,,,,,,,,,,,,,
10176,Manhattan,,,,,,,,,,,,,,,,,,,,,,,,,,,,,,,,,,,,,,,,,,,,,,,,,,,,,,,,,,,,,,,,,
10177,Manhattan,0.0,,0.0,,0.0,0.0,0.0,,,,,,,,,,,,,,,,,,,,,,,,,,,,,,,,,,,,,,,,,,,,,,,,,,,,,,,,,,
10178,Manhattan,,,,,,,,,,,,,,,,,,,,,,,,,,,,,,,,,,,,,,,,,,,,,,,,,,,,,,,,,,,,,,,,,
10179,Manhattan,,,,,,,,,,,,,,,,,,,,,,,,,,,,,,,,,,,,,,,,,,,,,,,,,,,,,,,,,,,,,,,,,
10184,Manhattan,,,,,,,,,,,,,,,,,,,,,,,,,,,,,,,,,,,,,,,,,,,,,,,,,,,,,,,,,,,,,,,,,
10185,Manhattan,,,,,,,,,,,,,,,,,,,,,,,,,,,,,,,,,,,,,,,,,,,,,,,,,,,,,,,,,,,,,,,,,
10196,Manhattan,,,,,,,,,,,,,,,,,,,,,,,,,,,,,,,,,,,,,,,,,,,,,,,,,,,,,,,,,,,,,,,,,
10197,Manhattan,,,,,,,,,,,,,,,,,,,,,,,,,,,,,,,,,,,,,,,,,,,,,,,,,,,,,,,,,,,,,,,,,
10199,Manhattan,9.0,349.0,1.0,,0.03,0.0,1.0,,6.0,3.0,9.0,0.0,0.0,0.0,0.0,0.0,0.0,0.0,0.0,0.0,1.0,1.0,0.0,9.0,0.0,0.0,0.0,0.0,0.0,0.0,0.0,0.0,0.0,1.0,0.0,,,,,,,,,,,,,,,,,,,,,,,,,,,,,,
10203,Manhattan,,,,,,,,,,,,,,,,,,,,,,,,,,,,,,,,,,,,,,,,,,,,,,,,,,,,,,,,,,,,,,,,,
10211,Manhattan,,,,,,,,,,,,,,,,,,,,,,,,,,,,,,,,,,,,,,,,,,,,,,,,,,,,,,,,,,,,,,,,,
10212,Manhattan,,,,,,,,,,,,,,,,,,,,,,,,,,,,,,,,,,,,,,,,,,,,,,,,,,,,,,,,,,,,,,,,,
10213,Manhattan,,,,,,,,,,,,,,,,,,,,,,,,,,,,,,,,,,,,,,,,,,,,,,,,,,,,,,,,,,,,,,,,,
10242,Manhattan,,,,,,,,,,,,,,,,,,,,,,,,,,,,,,,,,,,,,,,,,,,,,,,,,,,,,,,,,,,,,,,,,
10249,Manhattan,,,,,,,,,,,,,,,,,,,,,,,,,,,,,,,,,,,,,,,,,,,,,,,,,,,,,,,,,,,,,,,,,
10256,Manhattan,,,,,,,,,,,,,,,,,,,,,,,,,,,,,,,,,,,,,,,,,,,,,,,,,,,,,,,,,,,,,,,,,
10257,Manhattan,,,,,,,,,,,,,,,,,,,,,,,,,,,,,,,,,,,,,,,,,,,,,,,,,,,,,,,,,,,,,,,,,
10258,Manhattan,,,,,,,,,,,,,,,,,,,,,,,,,,,,,,,,,,,,,,,,,,,,,,,,,,,,,,,,,,,,,,,,,
10259,Manhattan,,,,,,,,,,,,,,,,,,,,,,,,,,,,,,,,,,,,,,,,,,,,,,,,,,,,,,,,,,,,,,,,,
10260,Manhattan,,,,,,,,,,,,,,,,,,,,,,,,,,,,,,,,,,,,,,,,,,,,,,,,,,,,,,,,,,,,,,,,,
10261,Manhattan,,,,,,,,,,,,,,,,,,,,,,,,,,,,,,,,,,,,,,,,,,,,,,,,,,,,,,,,,,,,,,,,,
10265,Manhattan,,,,,,,,,,,,,,,,,,,,,,,,,,,,,,,,,,,,,,,,,,,,,,,,,,,,,,,,,,,,,,,,,
10268,Manhattan,,,,,,,,,,,,,,,,,,,,,,,,,,,,,,,,,,,,,,,,,,,,,,,,,,,,,,,,,,,,,,,,,
10269,Manhattan,,,,,,,,,,,,,,,,,,,,,,,,,,,,,,,,,,,,,,,,,,,,,,,,,,,,,,,,,,,,,,,,,
10270,Manhattan,,,,,,,,,,,,,,,,,,,,,,,,,,,,,,,,,,,,,,,,,,,,,,,,,,,,,,,,,,,,,,,,,
10271,Manhattan,0.0,,0.0,,0.0,0.0,0.0,,,,,,,,,,,,,,,,,,,,,,,,,,,,,,,,,,,,,,,,,,,,,,,,,,,,,,,,,,
10272,Manhattan,,,,,,,,,,,,,,,,,,,,,,,,,,,,,,,,,,,,,,,,,,,,,,,,,,,,,,,,,,,,,,,,,
10273,Manhattan,,,,,,,,,,,,,,,,,,,,,,,,,,,,,,,,,,,,,,,,,,,,,,,,,,,,,,,,,,,,,,,,,
10274,Manhattan,,,,,,,,,,,,,,,,,,,,,,,,,,,,,,,,,,,,,,,,,,,,,,,,,,,,,,,,,,,,,,,,,
10275,Manhattan,,,,,,,,,,,,,,,,,,,,,,,,,,,,,,,,,,,,,,,,,,,,,,,,,,,,,,,,,,,,,,,,,
10276,Manhattan,,,,,,,,,,,,,,,,,,,,,,,,,,,,,,,,,,,,,,,,,,,,,,,,,,,,,,,,,,,,,,,,,
10277,Manhattan,,,,,,,,,,,,,,,,,,,,,,,,,,,,,,,,,,,,,,,,,,,,,,,,,,,,,,,,,,,,,,,,,
10278,Manhattan,0.0,,0.0,,0.0,0.0,0.0,,,,,,,,,,,,,,,,,,,,,,,,,,,,,,,,,,,,,,,,,,,,,,,,,,,,,,,,,,
10279,Manhattan,0.0,,0.0,,0.0,0.0,0.0,,,,,,,,,,,,,,,,,,,,,,,,,,,,,,,,,,,,,,,,,,,,,,,,,,,,,,,,,,
10280,Manhattan,7853.0,56710.0,4962.0,685700.0,0.14,0.0,4053.0,129574.0,3786.0,4067.0,5464.0,235.0,9.0,1752.0,6.0,109.0,278.0,1545.0,300.0,1688.0,520.0,3165.0,888.0,7853.0,0.0,0.0,0.0,0.0,0.0,0.0,0.0,788.0,283.0,2982.0,909.0,143.0,12.0,88.0,22.0,407.0,0.0,237.0,374.0,1482.0,1222.0,45.0,4826.0,1023.0,1263.0,476.0,2807.0,107.0,0.0,1809.0,258.0,154.0,950.0,273.0,2818.0,1494.0,587.0,414.0,703.0,353.0,68.0
10281,Manhattan,,,,,,,,,,,,,,,,,,,,,,,,,,,,,,,,,,,,,,,,,,,,,,,,,,,,,,,,,,,,,,,,,
10282,Manhattan,4783.0,54674.0,2484.0,1000001.0,0.09,0.0,2215.0,230952.0,2331.0,2452.0,3756.0,115.0,2.0,645.0,2.0,89.0,174.0,1013.0,147.0,775.0,280.0,1506.0,709.0,4783.0,0.0,0.0,0.0,0.0,0.0,0.0,0.0,101.0,23.0,2091.0,269.0,74.0,9.0,61.0,19.0,85.0,2.0,19.0,179.0,1165.0,604.0,447.0,2691.0,595.0,954.0,280.0,1769.0,107.0,0.0,851.0,111.0,74.0,236.0,247.0,1538.0,1356.0,433.0,204.0,688.0,817.0,161.0
10285,Manhattan,,,,,,,,,,,,,,,,,,,,,,,,,,,,,,,,,,,,,,,,,,,,,,,,,,,,,,,,,,,,,,,,,
10286,Manhattan,,,,,,,,,,,,,,,,,,,,,,,,,,,,,,,,,,,,,,,,,,,,,,,,,,,,,,,,,,,,,,,,,
10292,Manhattan,,,,,,,,,,,,,,,,,,,,,,,,,,,,,,,,,,,,,,,,,,,,,,,,,,,,,,,,,,,,,,,,,
10301,Staten Island,39706.0,10852.0,16261.0,402300.0,3.66,0.01,14719.0,56848.0,19279.0,20427.0,21597.0,9762.0,232.0,2651.0,30.0,3741.0,1693.0,5362.0,3253.0,4952.0,1152.0,10109.0,4610.0,36992.0,0.0,0.0,658.0,0.0,1457.0,0.0,599.0,4301.0,1751.0,8667.0,1542.0,627.0,17.0,189.0,25.0,59.0,0.0,625.0,546.0,3291.0,2556.0,1601.0,11754.0,6411.0,12798.0,7762.0,6695.0,69.0,21.0,1046.0,450.0,3904.0,10745.0,1825.0,4610.0,2689.0,688.0,192.0,5190.0,1302.0,781.0
10302,Staten Island,19088.0,15982.0,6427.0,382000.0,1.19,0.0,6002.0,56841.0,9605.0,9483.0,9367.0,4010.0,155.0,814.0,27.0,3753.0,962.0,2704.0,1576.0,1397.0,325.0,3486.0,2516.0,18966.0,0.0,62.0,0.0,0.0,0.0,0.0,60.0,2319.0,717.0,2966.0,425.0,119.0,10.0,70.0,13.0,8.0,0.0,205.0,135.0,837.0,629.0,917.0,5243.0,2207.0,5412.0,3714.0,2463.0,0.0,0.0,497.0,83.0,2068.0,5826.0,666.0,1523.0,544.0,128.0,77.0,2763.0,509.0,279.0
10303,Staten Island,26337.0,8395.0,8811.0,325100.0,3.14,0.03,8239.0,51537.0,12625.0,13712.0,8918.0,9882.0,236.0,2079.0,11.0,3996.0,1215.0,3414.0,2784.0,1626.0,415.0,4340.0,3899.0,26263.0,0.0,40.0,0.0,0.0,0.0,0.0,34.0,3811.0,683.0,3745.0,572.0,224.0,32.0,74.0,12.0,15.0,0.0,215.0,68.0,1042.0,1202.0,1067.0,7610.0,3135.0,7880.0,5688.0,3474.0,0.0,0.0,304.0,124.0,2532.0,7520.0,1443.0,2163.0,1036.0,91.0,58.0,4669.0,457.0,675.0
10304,Staten Island,42193.0,10889.0,15467.0,403700.0,3.87,0.01,14438.0,53168.0,20206.0,21987.0,20187.0,12169.0,271.0,4028.0,16.0,4121.0,1401.0,6151.0,4009.0,3643.0,635.0,8844.0,5594.0,41038.0,6.0,50.0,555.0,0.0,0.0,0.0,544.0,5568.0,1798.0,7072.0,1029.0,404.0,15.0,112.0,30.0,49.0,1.0,418.0,449.0,1959.0,2627.0,1907.0,13664.0,6233.0,14008.0,9231.0,7466.0,29.0,0.0,739.0,522.0,5327.0,12742.0,1712.0,4393.0,2087.0,902.0,292.0,6629.0,1337.0,982.0
10305,Staten Island,41749.0,9819.0,16187.0,415300.0,4.25,0.02,15145.0,70758.0,20292.0,21457.0,31831.0,1828.0,119.0,4558.0,30.0,2348.0,1035.0,7686.0,2819.0,3934.0,706.0,10086.0,5059.0,41045.0,0.0,25.0,35.0,0.0,0.0,47.0,597.0,6748.0,2266.0,6131.0,1042.0,393.0,19.0,138.0,27.0,69.0,0.0,396.0,279.0,1603.0,2044.0,1138.0,13292.0,6281.0,14609.0,10138.0,6401.0,27.0,0.0,828.0,316.0,4340.0,13705.0,2190.0,5774.0,2801.0,526.0,291.0,5031.0,1751.0,481.0
10306,Staten Island,55909.0,7481.0,22017.0,450200.0,7.47,0.06,20856.0,75807.0,26688.0,29221.0,49134.0,1181.0,155.0,2543.0,11.0,1834.0,1051.0,11244.0,3626.0,5242.0,744.0,14083.0,6773.0,55463.0,0.0,0.0,369.0,0.0,0.0,0.0,77.0,10010.0,4041.0,6805.0,1161.0,307.0,24.0,221.0,55.0,101.0,0.0,453.0,301.0,1869.0,2023.0,1582.0,19017.0,7672.0,18973.0,15762.0,7130.0,24.0,36.0,856.0,482.0,3798.0,20558.0,3341.0,6965.0,3359.0,902.0,416.0,6911.0,2551.0,696.0
10307,Staten Island,14096.0,7184.0,5354.0,567400.0,1.96,0.01,4925.0,86457.0,6981.0,7115.0,13170.0,86.0,24.0,350.0,5.0,269.0,192.0,2903.0,711.0,1126.0,185.0,2998.0,1927.0,14063.0,0.0,0.0,10.0,0.0,0.0,0.0,23.0,2801.0,689.0,1435.0,429.0,153.0,2.0,62.0,15.0,17.0,0.0,180.0,11.0,328.0,358.0,363.0,5024.0,2166.0,4121.0,5285.0,1094.0,0.0,0.0,92.0,136.0,786.0,4610.0,1004.0,1723.0,993.0,221.0,72.0,2401.0,836.0,213.0
10308,Staten Island,27357.0,13864.0,10715.0,452600.0,1.97,0.0,10142.0,88075.0,13288.0,14069.0,25604.0,141.0,31.0,798.0,11.0,422.0,350.0,5983.0,1562.0,2303.0,294.0,6765.0,3377.0,27331.0,0.0,0.0,0.0,0.0,0.0,0.0,26.0,5716.0,2170.0,2256.0,573.0,149.0,11.0,98.0,26.0,41.0,0.0,248.0,70.0,538.0,546.0,552.0,10549.0,4531.0,8899.0,9200.0,3855.0,18.0,0.0,172.0,232.0,1822.0,11619.0,1455.0,3310.0,2088.0,304.0,35.0,3525.0,1085.0,285.0
10309,Staten Island,32519.0,4840.0,11686.0,539100.0,6.72,0.04,10962.0,86297.0,16352.0,16167.0,29611.0,769.0,18.0,1243.0,9.0,514.0,355.0,6718.0,1557.0,2306.0,381.0,6747.0,4215.0,31464.0,918.0,0.0,14.0,0.0,0.0,0.0,123.0,6686.0,1479.0,2797.0,724.0,171.0,11.0,133.0,27.0,44.0,0.0,338.0,140.0,777.0,554.0,743.0,11703.0,4148.0,9776.0,10395.0,3398.0,0.0,0.0,314.0,289.0,1951.0,11779.0,1561.0,4069.0,2138.0,459.0,181.0,5250.0,1203.0,718.0
10310,Staten Island,24962.0,13903.0,9043.0,414600.0,1.8,0.0,8361.0,61925.0,12058.0,12904.0,13507.0,5814.0,158.0,1388.0,2.0,3068.0,1025.0,3831.0,2159.0,1961.0,410.0,4839.0,3522.0,24893.0,0.0,0.0,0.0,0.0,0.0,0.0,69.0,3609.0,1107.0,3645.0,682.0,215.0,24.0,68.0,19.0,18.0,0.0,338.0,128.0,994.0,1028.0,1129.0,7571.0,3989.0,7590.0,6135.0,3390.0,0.0,0.0,545.0,278.0,1828.0,8005.0,1380.0,2295.0,1392.0,478.0,100.0,4500.0,1050.0,560.0
10311,Staten Island,0.0,,0.0,,0.0,0.0,0.0,,,,,,,,,,,,,,,,,,,,,,,,,,,,,,,,,,,,,,,,,,,,,,,,,,,,,,,,,,
10312,Staten Island,59304.0,7723.0,22155.0,467300.0,7.68,0.14,21018.0,85324.0,28776.0,30528.0,53858.0,575.0,86.0,3213.0,20.0,773.0,779.0,13094.0,3069.0,4279.0,576.0,13667.0,7351.0,59233.0,0.0,0.0,0.0,0.0,0.0,0.0,71.0,12578.0,4156.0,4284.0,1137.0,270.0,20.0,136.0,57.0,89.0,0.0,565.0,73.0,1455.0,937.0,919.0,21499.0,8850.0,18472.0,20526.0,5905.0,36.0,0.0,267.0,705.0,3632.0,22090.0,3081.0,8638.0,3842.0,629.0,267.0,7888.0,2289.0,887.0
10313,Staten Island,,,,,,,,,,,,,,,,,,,,,,,,,,,,,,,,,,,,,,,,,,,,,,,,,,,,,,,,,,,,,,,,,
10314,Staten Island,85510.0,6235.0,32533.0,437500.0,13.71,0.64,30709.0,77242.0,41139.0,44371.0,64893.0,3640.0,210.0,11499.0,41.0,3167.0,2060.0,17183.0,5153.0,7238.0,1135.0,20634.0,10075.0,84141.0,0.0,56.0,1064.0,0.0,0.0,0.0,249.0,15487.0,5644.0,9578.0,1824.0,484.0,38.0,174.0,43.0,137.0,7.0,941.0,495.0,2539.0,3017.0,2263.0,29844.0,12398.0,28413.0,26361.0,10022.0,47.0,11.0,1154.0,940.0,6176.0,31912.0,4488.0,11136.0,5995.0,1062.0,561.0,10645.0,3902.0,1197.0
10451,Queens,45713.0,45043.0,17779.0,170600.0,1.01,0.0,17106.0,26754.0,20567.0,25146.0,8698.0,19826.0,736.0,740.0,38.0,12939.0,2736.0,3554.0,7236.0,5553.0,763.0,10485.0,6621.0,45490.0,0.0,0.0,0.0,0.0,0.0,0.0,223.0,1162.0,1240.0,14704.0,673.0,447.0,29.0,91.0,6.0,24.0,0.0,76.0,1134.0,4828.0,6404.0,3152.0,11279.0,7974.0,16209.0,2534.0,10742.0,142.0,0.0,1919.0,557.0,10539.0,12075.0,1426.0,2625.0,1126.0,232.0,80.0,9133.0,557.0,900.0
10452,Queens,75371.0,76548.0,25866.0,402800.0,0.98,0.0,24796.0,25979.0,35560.0,39811.0,14470.0,27184.0,1211.0,1114.0,56.0,26608.0,4728.0,6276.0,11278.0,5929.0,1313.0,13086.0,11710.0,74449.0,0.0,15.0,154.0,0.0,0.0,0.0,753.0,459.0,337.0,24000.0,1070.0,851.0,23.0,18.0,4.0,7.0,0.0,167.0,1623.0,9995.0,8781.0,3510.0,18400.0,13771.0,23053.0,5320.0,17661.0,433.0,0.0,2961.0,958.0,16026.0,19773.0,3332.0,3343.0,1069.0,361.0,17.0,15165.0,1574.0,1544.0
10453,Queens,78309.0,85491.0,27018.0,445200.0,0.92,0.0,25307.0,25470.0,36524.0,41785.0,13623.0,30028.0,1345.0,1068.0,85.0,27328.0,4832.0,5920.0,12259.0,5878.0,1250.0,13115.0,12192.0,76485.0,0.0,30.0,0.0,0.0,0.0,0.0,1794.0,812.0,337.0,24158.0,1711.0,1172.0,65.0,66.0,12.0,21.0,0.0,375.0,1709.0,8964.0,9558.0,4302.0,19591.0,15531.0,24846.0,6062.0,18134.0,310.0,0.0,2711.0,1019.0,16214.0,21064.0,3925.0,3924.0,1122.0,453.0,176.0,15588.0,1719.0,1836.0
10454,Queens,37337.0,35820.0,12772.0,386000.0,1.04,0.0,11978.0,20232.0,17724.0,19613.0,8954.0,11809.0,865.0,217.0,28.0,13220.0,2244.0,2640.0,5681.0,3131.0,526.0,6425.0,5553.0,36328.0,6.0,0.0,0.0,0.0,0.0,0.0,1003.0,506.0,149.0,11323.0,794.0,546.0,33.0,28.0,3.0,10.0,0.0,174.0,948.0,2725.0,5077.0,3086.0,7867.0,6455.0,13333.0,1795.0,8316.0,61.0,0.0,1552.0,307.0,9534.0,8776.0,1078.0,1456.0,371.0,93.0,44.0,8281.0,563.0,981.0
10455,Queens,39665.0,55696.0,13851.0,318600.0,0.71,0.0,12880.0,22609.0,18779.0,20886.0,9865.0,12119.0,709.0,252.0,27.0,14200.0,2493.0,3071.0,6005.0,3237.0,567.0,6915.0,5965.0,38496.0,0.0,74.0,0.0,0.0,0.0,0.0,1095.0,727.0,221.0,11932.0,971.0,714.0,24.0,35.0,7.0,7.0,0.0,184.0,674.0,3599.0,4962.0,2965.0,8965.0,5613.0,13276.0,2018.0,8319.0,27.0,0.0,1519.0,434.0,9765.0,9600.0,1002.0,1606.0,274.0,41.0,17.0,7789.0,715.0,1171.0
10456,Queens,86547.0,84979.0,29651.0,388600.0,1.02,0.0,28122.0,23452.0,40285.0,46262.0,13330.0,41893.0,1305.0,895.0,235.0,23842.0,5047.0,6476.0,13425.0,7034.0,1187.0,14704.0,13418.0,83930.0,0.0,0.0,945.0,402.0,0.0,0.0,1270.0,1178.0,512.0,26432.0,1529.0,911.0,37.0,75.0,8.0,20.0,2.0,476.0,3470.0,7461.0,9880.0,5797.0,19966.0,15184.0,30273.0,4673.0,19886.0,588.0,0.0,2641.0,1371.0,20422.0,23432.0,2522.0,3906.0,1054.0,242.0,50.0,17946.0,1427.0,1945.0
10457,Queens,70496.0,66425.0,24364.0,397500.0,1.06,0.0,22873.0,24949.0,32837.0,37659.0,14296.0,26988.0,1159.0,1164.0,82.0,22520.0,4287.0,5338.0,10600.0,5782.0,1153.0,12105.0,10768.0,68008.0,127.0,19.0,416.0,0.0,0.0,0.0,1926.0,1035.0,567.0,21271.0,1491.0,1085.0,46.0,85.0,5.0,21.0,0.0,249.0,1965.0,7815.0,7162.0,4202.0,16119.0,11719.0,23749.0,4908.0,14526.0,335.0,12.0,2363.0,956.0,15004.0,17352.0,2312.0,3320.0,978.0,269.0,91.0,14261.0,1070.0,1867.0
10458,Queens,79492.0,78784.0,27806.0,330300.0,1.01,0.0,26201.0,24618.0,38432.0,41060.0,23623.0,20629.0,1314.0,3180.0,73.0,26010.0,4663.0,6645.0,10775.0,6867.0,1914.0,14520.0,11681.0,76430.0,0.0,0.0,0.0,0.0,2352.0,0.0,710.0,842.0,364.0,24995.0,1605.0,1266.0,39.0,65.0,24.0,31.0,0.0,180.0,1944.0,10239.0,8012.0,4052.0,18943.0,14564.0,23240.0,5179.0,16740.0,174.0,19.0,4010.0,1111.0,15664.0,19576.0,2664.0,3304.0,1342.0,323.0,94.0,13227.0,1475.0,1881.0
10459,Queens,47308.0,57907.0,16496.0,343900.0,0.82,0.0,15398.0,24461.0,22233.0,25075.0,11017.0,16735.0,906.0,394.0,50.0,14975.0,3231.0,3724.0,7181.0,3810.0,683.0,8068.0,7330.0,45982.0,0.0,0.0,189.0,0.0,0.0,0.0,1137.0,1342.0,321.0,13735.0,1098.0,691.0,45.0,33.0,10.0,15.0,0.0,304.0,982.0,3424.0,5742.0,3804.0,11668.0,6343.0,16043.0,2741.0,10732.0,78.0,28.0,1169.0,728.0,11316.0,10761.0,1706.0,2013.0,618.0,94.0,98.0,10955.0,1194.0,1006.0
10460,Queens,57311.0,43567.0,20706.0,391700.0,1.32,0.0,19512.0,22307.0,26496.0,30815.0,14145.0,20860.0,985.0,836.0,58.0,17172.0,3255.0,4610.0,8909.0,5173.0,820.0,10571.0,8941.0,56236.0,0.0,12.0,0.0,0.0,0.0,0.0,1063.0,1434.0,545.0,17533.0,1194.0,804.0,17.0,75.0,23.0,33.0,0.0,242.0,839.0,5979.0,6567.0,4024.0,13191.0,8672.0,19193.0,4085.0,12490.0,101.0,0.0,1759.0,593.0,12984.0,13604.0,2138.0,2784.0,695.0,79.0,27.0,12013.0,1201.0,1273.0
10461,Queens,50502.0,21045.0,21127.0,454700.0,2.4,0.0,19772.0,52347.0,24060.0,26442.0,29872.0,4335.0,332.0,5323.0,24.0,8684.0,1932.0,7516.0,4584.0,6624.0,1048.0,13709.0,6063.0,48279.0,0.0,0.0,436.0,670.0,976.0,0.0,141.0,3763.0,2293.0,13716.0,1355.0,647.0,54.0,127.0,38.0,66.0,0.0,423.0,646.0,6006.0,4159.0,2160.0,18529.0,7050.0,16761.0,10007.0,9777.0,143.0,55.0,1824.0,565.0,7287.0,17585.0,2445.0,5826.0,2447.0,497.0,489.0,5392.0,2391.0,553.0
10462,Queens,75784.0,51207.0,31331.0,271300.0,1.48,0.0,29855.0,45864.0,35475.0,40309.0,24489.0,22417.0,742.0,8231.0,58.0,15748.0,4099.0,9405.0,9050.0,9655.0,1745.0,19448.0,10407.0,75475.0,4.0,0.0,197.0,0.0,0.0,0.0,108.0,4544.0,1983.0,23328.0,1476.0,939.0,45.0,124.0,14.0,58.0,0.0,296.0,1112.0,11353.0,7177.0,3111.0,26513.0,10785.0,23315.0,8507.0,21055.0,480.0,0.0,2826.0,701.0,12125.0,22368.0,4750.0,8092.0,3188.0,704.0,314.0,11514.0,2225.0,1672.0
10463,Queens,67970.0,47002.0,30368.0,289700.0,1.45,0.13,28408.0,54258.0,30647.0,37323.0,34861.0,11200.0,552.0,2992.0,34.0,14966.0,3365.0,9285.0,7082.0,10281.0,1760.0,20226.0,8182.0,65665.0,0.0,10.0,1765.0,0.0,337.0,0.0,193.0,4729.0,3880.0,19799.0,1960.0,1011.0,52.0,336.0,69.0,283.0,0.0,209.0,702.0,8244.0,7445.0,2403.0,22936.0,12780.0,21048.0,9092.0,17090.0,156.0,21.0,3045.0,1235.0,9713.0,18522.0,3091.0,8772.0,6066.0,1783.0,1289.0,8297.0,2529.0,748.0
10464,Queens,4534.0,1295.0,2272.0,484000.0,3.5,0.09,2089.0,70078.0,2208.0,2326.0,3855.0,176.0,23.0,140.0,7.0,230.0,103.0,821.0,298.0,806.0,164.0,1622.0,467.0,4518.0,0.0,0.0,0.0,0.0,0.0,0.0,16.0,722.0,423.0,944.0,183.0,40.0,6.0,21.0,8.0,38.0,0.0,70.0,17.0,506.0,363.0,88.0,1737.0,605.0,1328.0,1665.0,270.0,24.0,0.0,109.0,113.0,230.0,1366.0,222.0,576.0,648.0,83.0,65.0,494.0,113.0,15.0
10465,Queens,42230.0,12313.0,16889.0,437800.0,3.43,0.0,15770.0,65450.0,20186.0,22044.0,29223.0,4536.0,268.0,1300.0,26.0,5499.0,1378.0,6587.0,4063.0,4416.0,704.0,10680.0,5090.0,40480.0,0.0,0.0,431.0,0.0,1221.0,0.0,98.0,5539.0,2689.0,7542.0,1119.0,422.0,35.0,150.0,33.0,92.0,0.0,387.0,198.0,1981.0,2632.0,2307.0,15529.0,6483.0,14642.0,11954.0,5778.0,114.0,35.0,909.0,543.0,6012.0,14956.0,2169.0,4603.0,1976.0,411.0,276.0,5222.0,2446.0,601.0
10466,Queens,67813.0,33601.0,24854.0,391300.0,2.02,0.0,23318.0,44012.0,30460.0,37353.0,6808.0,49304.0,578.0,1558.0,50.0,7171.0,2344.0,7095.0,9572.0,5660.0,991.0,13534.0,9784.0,67002.0,0.0,68.0,464.0,113.0,0.0,0.0,166.0,6181.0,1539.0,15598.0,1536.0,795.0,33.0,199.0,24.0,60.0,0.0,425.0,766.0,4712.0,4769.0,3643.0,23474.0,10309.0,20992.0,11380.0,15395.0,63.0,0.0,1979.0,643.0,9506.0,21964.0,3672.0,6490.0,2401.0,322.0,74.0,11426.0,2788.0,1205.0
10467,Queens,97060.0,41649.0,37432.0,369500.0,2.33,0.0,35524.0,36048.0,45318.0,51742.0,25817.0,37745.0,1182.0,6252.0,61.0,21202.0,4801.0,9792.0,12968.0,10794.0,1970.0,21486.0,14038.0,95116.0,0.0,23.0,1436.0,0.0,0.0,0.0,485.0,2951.0,1444.0,31129.0,1908.0,1286.0,54.0,110.0,15.0,51.0,1.0,391.0,1712.0,14103.0,10496.0,4185.0,29455.0,14595.0,30843.0,9788.0,24241.0,177.0,0.0,3447.0,1059.0,16703.0,29090.0,4294.0,7825.0,2553.0,591.0,374.0,17182.0,2716.0,1851.0
10468,Queens,76103.0,70778.0,26178.0,171200.0,1.08,0.02,24909.0,33776.0,35897.0,40206.0,18858.0,19724.0,1280.0,3541.0,52.0,27494.0,5154.0,6639.0,10658.0,6200.0,1412.0,13795.0,11114.0,74183.0,0.0,18.0,892.0,0.0,0.0,0.0,1010.0,1506.0,781.0,22622.0,1269.0,891.0,39.0,57.0,10.0,68.0,0.0,204.0,1227.0,9771.0,7455.0,3010.0,20671.0,13544.0,20856.0,4815.0,19658.0,319.0,15.0,2442.0,1040.0,13897.0,20956.0,1960.0,4952.0,1510.0,381.0,86.0,13223.0,924.0,1556.0
10469,Queens,66631.0,26903.0,24078.0,427100.0,2.48,0.0,22554.0,57776.0,30422.0,36209.0,15090.0,39318.0,426.0,2742.0,40.0,6876.0,2139.0,8211.0,7834.0,5587.0,922.0,13753.0,8801.0,64100.0,0.0,8.0,2123.0,0.0,0.0,0.0,400.0,7444.0,2540.0,12570.0,1524.0,615.0,51.0,154.0,76.0,49.0,0.0,579.0,506.0,3174.0,3652.0,3851.0,23066.0,10322.0,23498.0,13277.0,13243.0,324.0,56.0,1114.0,609.0,9189.0,21316.0,4298.0,7562.0,3409.0,492.0,362.0,9712.0,4083.0,1108.0
10470,Queens,15293.0,10734.0,6882.0,401200.0,1.42,0.0,6390.0,58600.0,7136.0,8157.0,7411.0,5477.0,120.0,553.0,4.0,1206.0,522.0,1984.0,1639.0,2254.0,513.0,4601.0,1789.0,15202.0,0.0,42.0,0.0,0.0,0.0,0.0,49.0,1325.0,724.0,4341.0,492.0,260.0,18.0,49.0,7.0,44.0,0.0,114.0,194.0,1528.0,1256.0,679.0,5655.0,2273.0,4121.0,2989.0,3129.0,13.0,0.0,607.0,239.0,1683.0,5165.0,669.0,1656.0,883.0,237.0,86.0,1736.0,656.0,178.0
10471,Queens,22922.0,8878.0,10054.0,360800.0,2.58,0.01,9305.0,71798.0,10272.0,12650.0,16706.0,2430.0,79.0,1354.0,5.0,1600.0,748.0,3639.0,1202.0,3849.0,615.0,7152.0,2153.0,19902.0,0.0,32.0,1168.0,0.0,1532.0,0.0,288.0,2952.0,1607.0,4746.0,749.0,310.0,35.0,133.0,20.0,123.0,0.0,128.0,298.0,2298.0,1310.0,622.0,7224.0,4536.0,7255.0,4548.0,3836.0,0.0,9.0,732.0,569.0,1300.0,5054.0,734.0,4060.0,2617.0,1111.0,664.0,1687.0,1053.0,184.0
10472,Queens,66358.0,63167.0,23386.0,429600.0,1.05,0.0,22002.0,30288.0,31908.0,34450.0,16515.0,20449.0,991.0,4064.0,81.0,20311.0,3947.0,6454.0,8999.0,5476.0,1073.0,12352.0,9650.0,65683.0,0.0,17.0,193.0,0.0,0.0,0.0,465.0,2220.0,1024.0,18758.0,1384.0,973.0,51.0,46.0,6.0,36.0,0.0,272.0,616.0,6636.0,6790.0,4102.0,18753.0,10132.0,22306.0,5685.0,16354.0,365.0,23.0,1712.0,852.0,16175.0,18035.0,2372.0,3630.0,937.0,138.0,44.0,13219.0,1104.0,1880.0
10473,Queens,58519.0,26846.0,21323.0,386600.0,2.18,0.01,20571.0,35866.0,26158.0,32361.0,13707.0,25819.0,716.0,972.0,65.0,13935.0,3305.0,5828.0,8810.0,5237.0,696.0,12024.0,8547.0,58228.0,0.0,0.0,248.0,0.0,0.0,0.0,43.0,4098.0,1140.0,15333.0,752.0,454.0,39.0,99.0,29.0,18.0,0.0,113.0,731.0,3749.0,6439.0,3910.0,17124.0,7552.0,21471.0,8849.0,11286.0,4.0,0.0,1184.0,265.0,9687.0,18190.0,3232.0,4607.0,1590.0,172.0,26.0,9957.0,1254.0,1123.0
10474,Queens,12281.0,8010.0,3985.0,351800.0,1.53,0.0,3633.0,25676.0,6300.0,5981.0,2832.0,4231.0,197.0,128.0,11.0,4040.0,842.0,939.0,1711.0,782.0,201.0,1830.0,1803.0,11334.0,848.0,74.0,0.0,0.0,0.0,0.0,25.0,166.0,126.0,3341.0,352.0,253.0,8.0,4.0,1.0,5.0,1.0,80.0,111.0,1303.0,1255.0,710.0,2827.0,2084.0,4254.0,705.0,2212.0,37.0,0.0,702.0,175.0,2743.0,3098.0,760.0,574.0,129.0,27.0,0.0,2480.0,281.0,312.0
10475,Queens,40931.0,23753.0,18911.0,76000.0,1.72,0.1,18534.0,43629.0,17258.0,23673.0,8822.0,26034.0,213.0,527.0,18.0,3753.0,1564.0,5137.0,5304.0,7517.0,576.0,13909.0,4625.0,39844.0,0.0,0.0,677.0,0.0,0.0,0.0,410.0,3781.0,5060.0,9693.0,377.0,195.0,25.0,32.0,9.0,19.0,0.0,97.0,204.0,4175.0,3466.0,2467.0,14268.0,6110.0,16788.0,6557.0,9346.0,24.0,0.0,1581.0,81.0,5191.0,16516.0,2772.0,4834.0,2439.0,260.0,64.0,4143.0,1649.0,364.0
10499,Queens,,,,,,,,,,,,,,,,,,,,,,,,,,,,,,,,,,,,,,,,,,,,,,,,,,,,,,,,,,,,,,,,,
11002,Bronx,,,,,,,,,,,,,,,,,,,,,,,,,,,,,,,,,,,,,,,,,,,,,,,,,,,,,,,,,,,,,,,,,
11004,Bronx,14016.0,14752.0,5152.0,432500.0,0.95,0.0,4975.0,81709.0,6537.0,7479.0,7004.0,887.0,53.0,5109.0,5.0,406.0,552.0,2585.0,668.0,1554.0,168.0,3664.0,1311.0,12819.0,0.0,0.0,774.0,414.0,0.0,0.0,9.0,2360.0,1281.0,1334.0,177.0,46.0,4.0,27.0,13.0,21.0,0.0,66.0,34.0,485.0,502.0,248.0,5192.0,2099.0,4704.0,4469.0,1619.0,79.0,0.0,290.0,180.0,1119.0,3799.0,835.0,2710.0,1284.0,494.0,186.0,1735.0,434.0,156.0
11005,Bronx,1806.0,9898.0,1852.0,403700.0,0.18,0.0,1362.0,64300.0,577.0,1229.0,1745.0,30.0,0.0,21.0,0.0,2.0,8.0,336.0,30.0,948.0,48.0,1353.0,9.0,1806.0,0.0,0.0,0.0,0.0,0.0,0.0,0.0,246.0,917.0,199.0,490.0,14.0,4.0,61.0,14.0,383.0,0.0,14.0,0.0,119.0,36.0,8.0,213.0,291.0,1551.0,383.0,0.0,0.0,0.0,19.0,36.0,51.0,823.0,52.0,517.0,403.0,180.0,29.0,,,
11101,Bronx,25484.0,9744.0,12317.0,654900.0,2.62,0.12,10429.0,47142.0,12742.0,12742.0,10840.0,5299.0,179.0,4083.0,18.0,3945.0,1120.0,3076.0,2515.0,3396.0,1442.0,7625.0,2804.0,24772.0,414.0,6.0,0.0,0.0,0.0,0.0,292.0,1191.0,389.0,8849.0,1888.0,384.0,28.0,342.0,16.0,52.0,0.0,1066.0,637.0,4232.0,3348.0,1106.0,9718.0,4537.0,6914.0,2293.0,8580.0,15.0,5.0,992.0,328.0,3654.0,6536.0,1015.0,4216.0,1653.0,367.0,201.0,3229.0,455.0,135.0
11102,Bronx,34133.0,42255.0,15499.0,597700.0,0.81,0.0,14083.0,49924.0,17040.0,17093.0,19025.0,3347.0,302.0,5223.0,20.0,4815.0,1401.0,4413.0,2603.0,4689.0,2378.0,10859.0,3224.0,33817.0,0.0,0.0,275.0,0.0,0.0,0.0,41.0,1227.0,828.0,12028.0,1416.0,675.0,61.0,61.0,8.0,61.0,0.0,550.0,876.0,4937.0,4136.0,2079.0,13074.0,7784.0,8663.0,3957.0,11770.0,57.0,0.0,1915.0,723.0,4591.0,8652.0,1391.0,7048.0,2275.0,693.0,291.0,3563.0,575.0,506.0
11103,Bronx,38780.0,54537.0,18518.0,648900.0,0.71,0.0,16890.0,55129.0,19375.0,19405.0,26325.0,740.0,220.0,5520.0,20.0,4544.0,1411.0,5672.0,2303.0,5666.0,3249.0,13559.0,3331.0,38707.0,0.0,0.0,0.0,0.0,53.0,0.0,20.0,1203.0,1329.0,14358.0,1628.0,694.0,37.0,49.0,25.0,175.0,4.0,644.0,606.0,5786.0,5180.0,2091.0,16012.0,7980.0,9129.0,3752.0,15224.0,187.0,59.0,1831.0,575.0,5026.0,9531.0,2501.0,8218.0,3315.0,380.0,170.0,3025.0,615.0,583.0
11104,Bronx,27232.0,69826.0,12532.0,421800.0,0.39,0.0,11831.0,56059.0,13245.0,13987.0,14769.0,591.0,179.0,7074.0,9.0,3397.0,1213.0,4340.0,1787.0,4123.0,1581.0,9187.0,2644.0,27218.0,0.0,0.0,0.0,0.0,0.0,0.0,14.0,1259.0,737.0,9835.0,701.0,371.0,12.0,49.0,9.0,75.0,0.0,185.0,792.0,5628.0,3031.0,336.0,10652.0,5526.0,6208.0,1788.0,10660.0,332.0,61.0,1410.0,418.0,2487.0,7409.0,1920.0,5455.0,2136.0,519.0,112.0,2210.0,334.0,424.0
11105,Bronx,36688.0,22481.0,17416.0,658700.0,1.63,0.0,16120.0,57525.0,17881.0,18807.0,27698.0,797.0,98.0,4119.0,21.0,2655.0,1300.0,5863.0,2349.0,5238.0,2670.0,12956.0,3164.0,36646.0,0.0,0.0,0.0,0.0,0.0,0.0,42.0,2137.0,2024.0,11959.0,1296.0,443.0,31.0,60.0,21.0,127.0,0.0,614.0,669.0,4127.0,5018.0,1366.0,14424.0,7582.0,9592.0,4579.0,12576.0,53.0,24.0,1450.0,659.0,4409.0,9750.0,1807.0,7918.0,3275.0,584.0,197.0,3044.0,857.0,337.0
11106,Bronx,38875.0,45359.0,18296.0,433600.0,0.86,0.01,17101.0,48720.0,18904.0,19971.0,21205.0,3469.0,222.0,7449.0,17.0,4895.0,1618.0,5200.0,2912.0,6254.0,2735.0,13589.0,3512.0,38564.0,0.0,7.0,0.0,0.0,0.0,0.0,304.0,1456.0,1426.0,14219.0,1195.0,509.0,31.0,195.0,15.0,67.0,0.0,378.0,999.0,6784.0,4800.0,1173.0,13785.0,8287.0,10325.0,3190.0,13345.0,187.0,32.0,1709.0,588.0,5386.0,9872.0,1904.0,6588.0,3228.0,740.0,504.0,3397.0,480.0,245.0
11109,Bronx,3523.0,87802.0,2127.0,428600.0,0.04,0.01,1975.0,125871.0,1939.0,1584.0,2349.0,156.0,5.0,768.0,4.0,97.0,144.0,582.0,69.0,809.0,515.0,1781.0,194.0,3523.0,0.0,0.0,0.0,0.0,0.0,0.0,0.0,236.0,162.0,1577.0,152.0,30.0,3.0,65.0,0.0,25.0,0.0,29.0,199.0,970.0,415.0,44.0,2065.0,733.0,450.0,482.0,1955.0,0.0,0.0,81.0,130.0,0.0,429.0,75.0,1162.0,801.0,438.0,123.0,65.0,46.0,22.0
11120,Bronx,,,,,,,,,,,,,,,,,,,,,,,,,,,,,,,,,,,,,,,,,,,,,,,,,,,,,,,,,,,,,,,,,
11201,Brooklyn,51128.0,35981.0,26390.0,669000.0,1.42,0.01,23325.0,95369.0,24484.0,26644.0,34316.0,7741.0,154.0,5036.0,29.0,1921.0,1931.0,7281.0,2571.0,10206.0,3267.0,18750.0,4575.0,45630.0,8.0,0.0,702.0,87.0,2501.0,0.0,2200.0,6467.0,2909.0,13949.0,3065.0,1047.0,53.0,849.0,85.0,268.0,0.0,763.0,2358.0,6617.0,4471.0,1778.0,22509.0,11151.0,13318.0,2536.0,20518.0,181.0,43.0,3986.0,2772.0,3223.0,8155.0,1324.0,13641.0,8836.0,4882.0,1518.0,2828.0,2556.0,435.0
11202,Brooklyn,,,,,,,,,,,,,,,,,,,,,,,,,,,,,,,,,,,,,,,,,,,,,,,,,,,,,,,,,,,,,,,,,
11203,Brooklyn,76174.0,35502.0,28087.0,426100.0,2.15,0.0,26420.0,48400.0,33843.0,42331.0,2703.0,69435.0,221.0,956.0,27.0,1219.0,1613.0,8393.0,10199.0,6585.0,1243.0,16901.0,9519.0,74338.0,0.0,5.0,766.0,463.0,235.0,0.0,367.0,7667.0,2220.0,16533.0,1667.0,762.0,66.0,142.0,43.0,105.0,0.0,549.0,984.0,6275.0,6182.0,2485.0,26795.0,11486.0,25785.0,9608.0,21729.0,252.0,18.0,1874.0,779.0,8062.0,30171.0,4770.0,7207.0,2983.0,434.0,267.0,11849.0,1598.0,958.0
11204,Brooklyn,78134.0,49173.0,28196.0,657500.0,1.59,0.0,25449.0,45472.0,38514.0,39620.0,51867.0,598.0,141.0,20594.0,39.0,3650.0,1245.0,14116.0,4284.0,5842.0,1207.0,16238.0,9211.0,78030.0,0.0,0.0,40.0,0.0,0.0,0.0,64.0,4519.0,3831.0,17099.0,2747.0,525.0,31.0,127.0,97.0,212.0,0.0,1755.0,382.0,5685.0,6345.0,3461.0,22738.0,12806.0,26423.0,8824.0,16546.0,91.0,11.0,4696.0,1097.0,14365.0,22423.0,2921.0,7703.0,3426.0,802.0,254.0,7756.0,8483.0,1002.0
11205,Brooklyn,40366.0,42508.0,16409.0,636900.0,0.95,0.0,14690.0,44688.0,18829.0,21537.0,18437.0,13899.0,238.0,2050.0,41.0,4011.0,1690.0,3998.0,3426.0,4876.0,2390.0,10232.0,4458.0,37815.0,0.0,8.0,155.0,0.0,1358.0,0.0,1030.0,2241.0,741.0,11708.0,1719.0,809.0,34.0,164.0,51.0,74.0,0.0,587.0,611.0,3740.0,3689.0,3368.0,11892.0,8163.0,12057.0,2205.0,10650.0,26.0,16.0,3289.0,1330.0,5028.0,9022.0,1032.0,5527.0,3372.0,817.0,326.0,4608.0,3915.0,628.0
11206,Brooklyn,81677.0,56939.0,29941.0,533400.0,1.43,0.0,28025.0,28559.0,38855.0,42822.0,34534.0,23108.0,736.0,4522.0,52.0,15393.0,3332.0,7735.0,9379.0,7255.0,3656.0,17716.0,10309.0,81166.0,93.0,13.0,13.0,0.0,0.0,0.0,392.0,1864.0,696.0,25465.0,1916.0,1046.0,121.0,149.0,46.0,34.0,0.0,520.0,1542.0,7387.0,10014.0,6400.0,19531.0,14763.0,25894.0,4473.0,19536.0,71.0,77.0,4540.0,1376.0,16548.0,19806.0,2413.0,6606.0,1914.0,360.0,169.0,12092.0,6728.0,1076.0
11207,Brooklyn,93386.0,34965.0,34202.0,403800.0,2.67,0.0,31118.0,32945.0,42314.0,51072.0,10638.0,62417.0,841.0,1069.0,127.0,14606.0,3688.0,7940.0,14191.0,7488.0,1499.0,17182.0,13936.0,91586.0,0.0,8.0,418.0,0.0,0.0,0.0,1374.0,6063.0,1459.0,23596.0,3084.0,1444.0,60.0,349.0,32.0,56.0,0.0,1143.0,1052.0,5215.0,10715.0,6522.0,24697.0,13172.0,31323.0,8286.0,21975.0,100.0,9.0,2248.0,581.0,15998.0,27059.0,3941.0,4889.0,1785.0,212.0,186.0,18806.0,1176.0,2120.0
11208,Brooklyn,94469.0,27333.0,32069.0,441100.0,3.46,0.0,29211.0,35079.0,44378.0,50091.0,14798.0,45147.0,1131.0,7878.0,95.0,20721.0,4699.0,9631.0,12489.0,5942.0,1149.0,14913.0,14298.0,93791.0,0.0,0.0,268.0,17.0,0.0,0.0,393.0,6077.0,1395.0,21739.0,2858.0,1119.0,68.0,378.0,49.0,118.0,0.0,1126.0,997.0,4249.0,9321.0,6997.0,26901.0,9254.0,32883.0,7678.0,23439.0,45.0,0.0,1581.0,615.0,12927.0,32691.0,2875.0,4013.0,1320.0,80.0,94.0,20312.0,657.0,2051.0
11209,Brooklyn,68853.0,31845.0,34679.0,625600.0,2.16,0.0,31065.0,58261.0,33179.0,35674.0,53085.0,1485.0,201.0,7957.0,29.0,3925.0,2171.0,11739.0,4201.0,12628.0,2497.0,23985.0,7080.0,68668.0,0.0,0.0,0.0,0.0,0.0,13.0,172.0,6196.0,3901.0,20968.0,3614.0,1030.0,76.0,180.0,99.0,213.0,1.0,2015.0,1533.0,9849.0,6032.0,2507.0,25736.0,11387.0,22429.0,10462.0,18247.0,84.0,13.0,3179.0,984.0,7069.0,19807.0,2773.0,13525.0,6936.0,1903.0,802.0,8019.0,2574.0,1125.0
11210,Brooklyn,62008.0,37785.0,22476.0,485500.0,1.64,0.0,20653.0,55429.0,28616.0,33392.0,20648.0,35821.0,200.0,2175.0,28.0,1749.0,1387.0,8495.0,6083.0,5133.0,942.0,12564.0,8089.0,61892.0,0.0,8.0,8.0,8.0,0.0,0.0,92.0,6331.0,2093.0,12229.0,1823.0,557.0,49.0,158.0,62.0,59.0,0.0,938.0,988.0,5148.0,3913.0,1489.0,21115.0,10184.0,19570.0,11099.0,14405.0,51.0,0.0,1592.0,1047.0,4485.0,20773.0,2668.0,8754.0,3721.0,708.0,338.0,7069.0,5473.0,1298.0
11211,Brooklyn,90117.0,39209.0,37180.0,655500.0,2.3,0.07,33489.0,46848.0,44522.0,45595.0,68534.0,4496.0,520.0,3445.0,54.0,10276.0,2792.0,11975.0,5066.0,9576.0,6872.0,24182.0,9307.0,89379.0,0.0,8.0,177.0,0.0,0.0,0.0,553.0,3354.0,1770.0,28365.0,3691.0,1546.0,130.0,1153.0,46.0,151.0,0.0,665.0,3391.0,10085.0,10594.0,5985.0,28474.0,18783.0,24726.0,5266.0,26119.0,143.0,288.0,8657.0,3413.0,12352.0,21053.0,2057.0,16046.0,6040.0,1554.0,685.0,6025.0,9855.0,1334.0
11212,Brooklyn,84500.0,54944.0,31847.0,391700.0,1.54,0.0,30201.0,28348.0,36528.0,47972.0,3822.0,71964.0,483.0,606.0,38.0,5315.0,2272.0,6548.0,14422.0,8130.0,1101.0,17264.0,12937.0,82484.0,85.0,82.0,434.0,0.0,0.0,0.0,1415.0,3291.0,981.0,25929.0,1646.0,929.0,57.0,94.0,28.0,54.0,2.0,482.0,1023.0,7419.0,11591.0,5416.0,22721.0,10333.0,30829.0,5921.0,20642.0,183.0,0.0,2043.0,477.0,12849.0,29588.0,3677.0,3862.0,1118.0,226.0,50.0,17029.0,948.0,1583.0
11213,Brooklyn,63767.0,58448.0,24974.0,582300.0,1.09,0.0,23142.0,34794.0,28822.0,34945.0,12493.0,46454.0,250.0,554.0,22.0,2414.0,1580.0,6074.0,8689.0,7018.0,1361.0,14549.0,8593.0,62876.0,0.0,6.0,170.0,8.0,303.0,0.0,404.0,2486.0,1150.0,19506.0,1832.0,956.0,74.0,152.0,56.0,66.0,0.0,528.0,1035.0,7653.0,7597.0,3580.0,18240.0,8605.0,20588.0,4241.0,16375.0,177.0,65.0,2390.0,762.0,8186.0,20237.0,2464.0,4884.0,2293.0,391.0,148.0,9368.0,3383.0,784.0
11214,Brooklyn,88630.0,40566.0,35261.0,598800.0,2.18,0.0,32212.0,43398.0,43258.0,45372.0,51011.0,1016.0,281.0,28657.0,70.0,5885.0,1710.0,15715.0,6137.0,8781.0,1579.0,22195.0,10017.0,87676.0,0.0,0.0,666.0,0.0,0.0,0.0,288.0,5539.0,4344.0,22329.0,3049.0,698.0,40.0,215.0,87.0,249.0,2.0,1758.0,927.0,8802.0,6736.0,3433.0,25567.0,11866.0,31569.0,9343.0,21051.0,99.0,12.0,2372.0,811.0,17148.0,26241.0,3510.0,9383.0,3256.0,671.0,372.0,10246.0,1867.0,1207.0
11215,Brooklyn,63488.0,29148.0,30073.0,913200.0,2.18,0.02,28077.0,95654.0,30083.0,33405.0,48504.0,3852.0,234.0,4040.0,31.0,4046.0,2781.0,10511.0,3200.0,8995.0,5371.0,21161.0,6916.0,62666.0,0.0,25.0,0.0,422.0,70.0,0.0,305.0,7299.0,2566.0,18212.0,1996.0,827.0,59.0,224.0,61.0,116.0,0.0,709.0,1302.0,7500.0,6502.0,2543.0,30192.0,14725.0,12133.0,5002.0,27538.0,121.0,54.0,4150.0,3837.0,4216.0,9758.0,1574.0,17589.0,11892.0,3962.0,1756.0,6779.0,2371.0,754.0
11216,Brooklyn,54316.0,58065.0,25964.0,623300.0,0.94,0.0,23193.0,43996.0,25117.0,29199.0,6920.0,41543.0,241.0,1634.0,23.0,2088.0,1867.0,4252.0,7040.0,8918.0,2983.0,17009.0,6184.0,53616.0,0.0,17.0,133.0,0.0,0.0,0.0,550.0,2881.0,976.0,19336.0,2771.0,1363.0,76.0,191.0,121.0,72.0,0.0,948.0,2159.0,6256.0,5858.0,3282.0,20638.0,8641.0,16352.0,4087.0,18209.0,44.0,39.0,2387.0,1381.0,6821.0,15986.0,2413.0,8288.0,4211.0,497.0,433.0,6227.0,885.0,540.0
11217,Brooklyn,35881.0,47796.0,17581.0,857000.0,0.75,0.0,16269.0,81862.0,16688.0,19193.0,21302.0,8201.0,162.0,2184.0,13.0,2321.0,1698.0,4630.0,2511.0,6033.0,3095.0,12745.0,3524.0,34691.0,0.0,25.0,502.0,0.0,0.0,0.0,663.0,3590.0,1052.0,11627.0,1312.0,581.0,78.0,179.0,44.0,82.0,0.0,348.0,1681.0,4150.0,4086.0,1967.0,16065.0,8490.0,8324.0,1621.0,15933.0,20.0,10.0,2763.0,1993.0,3925.0,6273.0,1181.0,9616.0,5861.0,2281.0,630.0,3307.0,1301.0,253.0
11218,Brooklyn,75220.0,52664.0,26598.0,546300.0,1.43,0.0,25240.0,52445.0,37470.0,37750.0,43160.0,7448.0,460.0,14052.0,22.0,7141.0,2937.0,11752.0,4416.0,6810.0,2262.0,16244.0,8996.0,74555.0,0.0,42.0,357.0,0.0,57.0,0.0,209.0,5409.0,2300.0,17531.0,1358.0,638.0,48.0,149.0,54.0,73.0,2.0,394.0,871.0,6264.0,6330.0,3206.0,21653.0,15165.0,20022.0,6712.0,20658.0,266.0,17.0,3800.0,1413.0,9455.0,16029.0,3108.0,10676.0,6028.0,1368.0,833.0,9095.0,5748.0,1342.0
11219,Brooklyn,92221.0,62225.0,28693.0,726700.0,1.48,0.0,26177.0,34316.0,46092.0,46129.0,62915.0,1121.0,224.0,20972.0,54.0,5437.0,1498.0,16040.0,3731.0,5360.0,1046.0,14310.0,11867.0,91429.0,0.0,0.0,528.0,74.0,0.0,0.0,190.0,3362.0,2907.0,19908.0,2516.0,656.0,90.0,133.0,83.0,163.0,0.0,1391.0,621.0,5438.0,7421.0,6491.0,21535.0,16673.0,29107.0,9104.0,15359.0,70.0,3.0,8274.0,1675.0,18537.0,23866.0,2441.0,6076.0,2184.0,452.0,202.0,7970.0,14917.0,2608.0
11220,Brooklyn,99598.0,55603.0,31045.0,615300.0,1.79,0.0,29018.0,37580.0,50308.0,49290.0,30492.0,2975.0,1045.0,41386.0,27.0,20069.0,3604.0,14059.0,7267.0,5743.0,1949.0,16811.0,12207.0,99364.0,0.0,6.0,129.0,0.0,0.0,0.0,99.0,3875.0,3085.0,22058.0,2027.0,633.0,49.0,192.0,49.0,122.0,0.0,982.0,1265.0,5679.0,9742.0,6073.0,29742.0,20138.0,30380.0,9635.0,25654.0,129.0,61.0,7615.0,1085.0,32991.0,18971.0,2905.0,8531.0,2969.0,560.0,396.0,16414.0,1499.0,2311.0
11221,Brooklyn,78895.0,57033.0,31784.0,543800.0,1.38,0.0,28391.0,39178.0,37205.0,41690.0,13776.0,44774.0,825.0,1629.0,69.0,14517.0,3305.0,6691.0,10582.0,8675.0,2443.0,17843.0,10548.0,77389.0,0.0,51.0,231.0,0.0,0.0,0.0,1224.0,4273.0,1160.0,22958.0,3393.0,1659.0,68.0,295.0,71.0,58.0,3.0,1239.0,1839.0,5768.0,8861.0,5709.0,26527.0,10193.0,26517.0,5585.0,23264.0,153.0,23.0,2991.0,1011.0,15938.0,22816.0,3121.0,6670.0,2419.0,405.0,207.0,15026.0,638.0,1344.0
11222,Brooklyn,36934.0,24232.0,18756.0,726500.0,1.52,0.08,17033.0,63739.0,18415.0,18519.0,30855.0,807.0,111.0,1813.0,19.0,2306.0,1023.0,4845.0,2176.0,5608.0,4404.0,14384.0,2649.0,36744.0,0.0,0.0,0.0,0.0,0.0,0.0,190.0,1718.0,1226.0,14089.0,1723.0,692.0,40.0,298.0,21.0,90.0,1.0,581.0,858.0,5029.0,5806.0,1476.0,16813.0,6344.0,7907.0,2813.0,13531.0,39.0,91.0,3229.0,1522.0,2672.0,8814.0,2176.0,8604.0,4089.0,882.0,263.0,2232.0,411.0,173.0
11223,Brooklyn,78731.0,37956.0,32407.0,613000.0,2.07,0.0,28421.0,41328.0,38184.0,40547.0,52060.0,3287.0,288.0,16631.0,24.0,4838.0,1603.0,14135.0,5438.0,7662.0,1186.0,19217.0,9204.0,78661.0,0.0,0.0,22.0,0.0,0.0,0.0,48.0,5184.0,4302.0,18935.0,3986.0,622.0,34.0,238.0,60.0,178.0,0.0,2854.0,925.0,7267.0,5893.0,2491.0,21570.0,10216.0,28189.0,9054.0,16035.0,48.0,27.0,2743.0,583.0,12096.0,24184.0,3259.0,8283.0,3327.0,612.0,385.0,7813.0,4783.0,931.0
11224,Brooklyn,47621.0,30841.0,20768.0,317800.0,1.54,0.04,19774.0,27481.0,21120.0,26501.0,28255.0,11802.0,249.0,2853.0,13.0,3215.0,1234.0,6764.0,5379.0,6994.0,637.0,14676.0,5098.0,46349.0,0.0,12.0,1011.0,0.0,0.0,0.0,249.0,2219.0,3380.0,14175.0,994.0,321.0,28.0,61.0,24.0,82.0,0.0,478.0,623.0,5446.0,4110.0,2864.0,10952.0,5768.0,19497.0,4097.0,8253.0,61.0,0.0,1486.0,309.0,6883.0,13101.0,2059.0,5979.0,2404.0,474.0,214.0,5445.0,393.0,543.0
11225,Brooklyn,56829.0,64295.0,23588.0,615700.0,0.88,0.0,22501.0,42922.0,25416.0,31413.0,9400.0,42766.0,238.0,850.0,24.0,1884.0,1667.0,5739.0,7423.0,7341.0,1998.0,15565.0,6936.0,56744.0,0.0,14.0,6.0,0.0,0.0,0.0,65.0,2326.0,952.0,19223.0,1087.0,599.0,50.0,65.0,15.0,51.0,0.0,307.0,1561.0,8370.0,6395.0,2973.0,18652.0,10792.0,17135.0,4435.0,17723.0,79.0,11.0,2226.0,1140.0,6558.0,18784.0,2383.0,7022.0,3172.0,637.0,226.0,8283.0,2062.0,740.0
11226,Brooklyn,101572.0,78775.0,37745.0,480500.0,1.29,0.0,36101.0,40734.0,45453.0,56119.0,10020.0,76853.0,550.0,3014.0,40.0,7839.0,3256.0,9721.0,13919.0,9949.0,2512.0,22681.0,13420.0,100369.0,0.0,18.0,397.0,0.0,0.0,0.0,788.0,3221.0,900.0,31980.0,1644.0,1067.0,87.0,111.0,28.0,36.0,0.0,315.0,2496.0,14294.0,10159.0,4055.0,34655.0,15030.0,28576.0,7548.0,32348.0,315.0,39.0,2377.0,1123.0,13164.0,34356.0,3343.0,9473.0,3805.0,689.0,287.0,15796.0,1154.0,1869.0
11228,Brooklyn,41788.0,28428.0,18234.0,681700.0,1.47,0.0,15572.0,61893.0,20213.0,21575.0,28473.0,284.0,80.0,10214.0,15.0,2003.0,719.0,8060.0,2639.0,4206.0,667.0,10785.0,4787.0,41609.0,0.0,0.0,147.0,0.0,0.0,0.0,32.0,4568.0,3327.0,7677.0,2662.0,346.0,29.0,79.0,85.0,164.0,0.0,1959.0,196.0,1914.0,2267.0,1938.0,14555.0,6315.0,15285.0,7769.0,8934.0,41.0,37.0,1342.0,650.0,6802.0,13856.0,1919.0,5229.0,2498.0,929.0,279.0,5400.0,1485.0,662.0
11229,Brooklyn,80018.0,36934.0,34885.0,524100.0,2.17,0.05,30601.0,51725.0,37973.0,42045.0,57025.0,4383.0,146.0,14596.0,15.0,2407.0,1446.0,15095.0,5607.0,8722.0,1177.0,21511.0,9090.0,79755.0,0.0,0.0,168.0,0.0,0.0,0.0,95.0,7797.0,5464.0,17340.0,4284.0,457.0,41.0,224.0,74.0,112.0,0.0,3376.0,977.0,7379.0,5989.0,2281.0,26368.0,11906.0,27850.0,12166.0,17880.0,24.0,14.0,3071.0,1255.0,8868.0,23781.0,4111.0,12888.0,5267.0,1280.0,598.0,9842.0,3302.0,1020.0
11230,Brooklyn,86408.0,46966.0,34028.0,598000.0,1.84,0.0,30859.0,42170.0,41937.0,44471.0,61656.0,7239.0,313.0,11194.0,23.0,4308.0,1675.0,15115.0,4768.0,9401.0,1575.0,20894.0,9965.0,86019.0,0.0,3.0,199.0,0.0,3.0,0.0,184.0,4933.0,3786.0,22140.0,3169.0,809.0,71.0,186.0,74.0,136.0,1.0,1892.0,1611.0,9779.0,6740.0,2956.0,21011.0,17413.0,26488.0,9999.0,17883.0,78.0,0.0,4101.0,1105.0,8382.0,20575.0,4701.0,12040.0,5787.0,1274.0,915.0,8109.0,8111.0,1421.0
11231,Brooklyn,33336.0,23441.0,16149.0,912000.0,1.42,0.03,15216.0,78174.0,15584.0,17752.0,22953.0,5015.0,178.0,1413.0,15.0,2434.0,1328.0,4997.0,2746.0,5248.0,2225.0,11181.0,4035.0,33266.0,0.0,0.0,0.0,0.0,0.0,0.0,70.0,2645.0,1044.0,11527.0,933.0,383.0,29.0,116.0,73.0,75.0,0.0,257.0,497.0,4613.0,4444.0,1544.0,13673.0,6478.0,7767.0,2033.0,11752.0,34.0,6.0,2883.0,1471.0,3401.0,6062.0,881.0,8317.0,4737.0,1287.0,405.0,3797.0,1064.0,423.0
11232,Brooklyn,28265.0,22028.0,8980.0,582900.0,1.28,0.0,8403.0,43595.0,15438.0,12827.0,12091.0,2068.0,581.0,4568.0,28.0,7270.0,1659.0,3213.0,2193.0,1857.0,1140.0,5215.0,3188.0,26116.0,2089.0,0.0,0.0,0.0,0.0,0.0,60.0,1071.0,800.0,6532.0,577.0,231.0,28.0,64.0,13.0,53.0,0.0,188.0,302.0,1983.0,3005.0,1512.0,9600.0,5859.0,7934.0,2147.0,8560.0,26.0,8.0,2077.0,336.0,6836.0,7008.0,841.0,2497.0,1450.0,253.0,203.0,4467.0,417.0,504.0
11233,Brooklyn,67053.0,49746.0,29074.0,551900.0,1.35,0.0,25693.0,34492.0,29784.0,37269.0,3629.0,56838.0,470.0,575.0,17.0,3594.0,1930.0,5205.0,11048.0,8068.0,1372.0,15592.0,10101.0,66063.0,51.0,0.0,28.0,0.0,0.0,0.0,911.0,4040.0,1003.0,20650.0,3381.0,1473.0,88.0,342.0,105.0,39.0,0.0,1334.0,1045.0,6172.0,8701.0,4117.0,19713.0,9185.0,23442.0,6330.0,17145.0,49.0,0.0,1520.0,870.0,10109.0,21844.0,3017.0,5752.0,1965.0,439.0,196.0,13309.0,754.0,1185.0
11234,Brooklyn,87757.0,11627.0,33714.0,488200.0,7.55,0.83,31213.0,68431.0,40229.0,47528.0,41975.0,37024.0,252.0,4109.0,20.0,2439.0,1938.0,14554.0,8190.0,7530.0,939.0,20063.0,11150.0,87660.0,0.0,7.0,8.0,0.0,0.0,0.0,82.0,14829.0,4936.0,11448.0,2501.0,482.0,62.0,280.0,71.0,115.0,0.0,1491.0,512.0,2567.0,4612.0,2844.0,32360.0,15590.0,26854.0,21888.0,17514.0,76.0,10.0,2029.0,1277.0,7084.0,30027.0,6054.0,12168.0,5910.0,1134.0,556.0,12466.0,4673.0,1358.0
11235,Brooklyn,79132.0,35237.0,37619.0,531000.0,2.25,0.19,33886.0,41639.0,37466.0,41666.0,61763.0,1727.0,245.0,10152.0,11.0,3774.0,1460.0,14906.0,5248.0,12008.0,1724.0,26186.0,7700.0,77915.0,0.0,0.0,810.0,0.0,0.0,0.0,407.0,6937.0,5497.0,21452.0,3733.0,866.0,65.0,338.0,68.0,254.0,0.0,2142.0,2658.0,9249.0,5456.0,1857.0,25231.0,9039.0,28758.0,10679.0,15464.0,70.0,0.0,3924.0,1289.0,5791.0,20800.0,5671.0,15946.0,5264.0,1824.0,792.0,8440.0,1268.0,962.0
11236,Brooklyn,93877.0,26112.0,33313.0,478700.0,3.6,0.03,31778.0,61061.0,41239.0,52638.0,7015.0,79835.0,312.0,2361.0,14.0,2407.0,1933.0,11370.0,12230.0,7121.0,1057.0,18571.0,13207.0,92612.0,0.0,0.0,492.0,32.0,0.0,0.0,741.0,12392.0,1977.0,17409.0,1535.0,608.0,50.0,199.0,13.0,42.0,0.0,623.0,1676.0,2729.0,7852.0,4130.0,35364.0,15132.0,27421.0,18997.0,23935.0,196.0,6.0,1743.0,699.0,9871.0,32065.0,6323.0,10335.0,4741.0,727.0,159.0,14981.0,3115.0,940.0
11237,Brooklyn,49896.0,50927.0,16724.0,464500.0,0.98,0.02,15512.0,40372.0,25949.0,23947.0,18040.0,5423.0,696.0,3457.0,40.0,19238.0,3002.0,4967.0,5064.0,3055.0,2426.0,9284.0,6228.0,48970.0,0.0,0.0,0.0,0.0,0.0,0.0,926.0,1010.0,444.0,14058.0,1212.0,762.0,24.0,45.0,28.0,18.0,0.0,335.0,737.0,2497.0,7533.0,4266.0,20010.0,7030.0,16642.0,2899.0,17400.0,276.0,19.0,3616.0,832.0,16983.0,9296.0,1159.0,4133.0,1459.0,207.0,45.0,9404.0,420.0,1048.0
11238,Brooklyn,49262.0,44555.0,24525.0,656800.0,1.11,0.0,22648.0,65315.0,22667.0,26595.0,18680.0,23593.0,173.0,2689.0,33.0,1842.0,2252.0,5402.0,4249.0,8834.0,4163.0,17866.0,4782.0,47957.0,0.0,1.0,449.0,0.0,0.0,0.0,855.0,4430.0,1400.0,16818.0,1877.0,869.0,34.0,258.0,64.0,81.0,1.0,570.0,1443.0,6778.0,5553.0,2629.0,22445.0,10370.0,11332.0,3302.0,21429.0,48.0,0.0,2668.0,1966.0,3888.0,11145.0,1933.0,11922.0,7065.0,1824.0,760.0,4595.0,998.0,564.0
11239,Brooklyn,13393.0,23470.0,6335.0,354600.0,0.57,0.01,6280.0,26275.0,5206.0,8187.0,4196.0,7644.0,54.0,391.0,2.0,727.0,379.0,1464.0,2035.0,2638.0,143.0,4649.0,1631.0,13241.0,27.0,13.0,27.0,0.0,0.0,0.0,85.0,146.0,17.0,6117.0,55.0,48.0,3.0,1.0,0.0,1.0,0.0,2.0,216.0,2643.0,2114.0,1265.0,3356.0,1305.0,6010.0,1506.0,2234.0,9.0,0.0,262.0,0.0,1799.0,4489.0,840.0,1059.0,823.0,67.0,26.0,1497.0,666.0,116.0
11240,Brooklyn,,,,,,,,,,,,,,,,,,,,,,,,,,,,,,,,,,,,,,,,,,,,,,,,,,,,,,,,,,,,,,,,,
11241,Brooklyn,,,,,,,,,,,,,,,,,,,,,,,,,,,,,,,,,,,,,,,,,,,,,,,,,,,,,,,,,,,,,,,,,
11242,Brooklyn,,,,,,,,,,,,,,,,,,,,,,,,,,,,,,,,,,,,,,,,,,,,,,,,,,,,,,,,,,,,,,,,,
11243,Brooklyn,,,,,,,,,,,,,,,,,,,,,,,,,,,,,,,,,,,,,,,,,,,,,,,,,,,,,,,,,,,,,,,,,
11244,Brooklyn,,,,,,,,,,,,,,,,,,,,,,,,,,,,,,,,,,,,,,,,,,,,,,,,,,,,,,,,,,,,,,,,,
11245,Brooklyn,,,,,,,,,,,,,,,,,,,,,,,,,,,,,,,,,,,,,,,,,,,,,,,,,,,,,,,,,,,,,,,,,
11247,Brooklyn,,,,,,,,,,,,,,,,,,,,,,,,,,,,,,,,,,,,,,,,,,,,,,,,,,,,,,,,,,,,,,,,,
11248,Brooklyn,,,,,,,,,,,,,,,,,,,,,,,,,,,,,,,,,,,,,,,,,,,,,,,,,,,,,,,,,,,,,,,,,
11249,Brooklyn,,,,,,,,,,,,,,,,,,,,,,,,,,,,,,,,,,,,,,,,,,,,,,,,,,,,,,,,,,,,,,,,,
11251,Brooklyn,,,,,,,,,,,,,,,,,,,,,,,,,,,,,,,,,,,,,,,,,,,,,,,,,,,,,,,,,,,,,,,,,
11252,Brooklyn,,,,,,,,,,,,,,,,,,,,,,,,,,,,,,,,,,,,,,,,,,,,,,,,,,,,,,,,,,,,,,,,,
11254,Brooklyn,,,,,,,,,,,,,,,,,,,,,,,,,,,,,,,,,,,,,,,,,,,,,,,,,,,,,,,,,,,,,,,,,
11255,Brooklyn,,,,,,,,,,,,,,,,,,,,,,,,,,,,,,,,,,,,,,,,,,,,,,,,,,,,,,,,,,,,,,,,,
11256,Brooklyn,,,,,,,,,,,,,,,,,,,,,,,,,,,,,,,,,,,,,,,,,,,,,,,,,,,,,,,,,,,,,,,,,
11351,Bronx,0.0,,0.0,,0.0,0.0,0.0,,,,,,,,,,,,,,,,,,,,,,,,,,,,,,,,,,,,,,,,,,,,,,,,,,,,,,,,,,
11352,Bronx,,,,,,,,,,,,,,,,,,,,,,,,,,,,,,,,,,,,,,,,,,,,,,,,,,,,,,,,,,,,,,,,,
11354,Bronx,54878.0,25324.0,22201.0,380600.0,2.17,0.03,20120.0,46566.0,25655.0,29223.0,15375.0,2105.0,137.0,32240.0,65.0,3383.0,1573.0,9419.0,4164.0,5151.0,1386.0,14967.0,5153.0,53074.0,0.0,0.0,1761.0,0.0,0.0,0.0,43.0,4180.0,3985.0,11955.0,2081.0,488.0,34.0,1105.0,48.0,133.0,0.0,273.0,706.0,4763.0,4481.0,1900.0,19049.0,9937.0,20034.0,11513.0,11079.0,8.0,18.0,2901.0,665.0,9116.0,18742.0,3866.0,8562.0,2684.0,639.0,176.0,5736.0,802.0,561.0
11355,Bronx,85871.0,49492.0,30681.0,507500.0,1.74,0.0,28837.0,41884.0,41433.0,44438.0,14201.0,2838.0,234.0,60867.0,26.0,5108.0,2597.0,14551.0,6167.0,6052.0,2067.0,20048.0,8789.0,85408.0,0.0,21.0,363.0,0.0,0.0,0.0,79.0,5058.0,4215.0,19564.0,1844.0,816.0,57.0,356.0,74.0,154.0,4.0,383.0,1865.0,8427.0,6166.0,2498.0,26339.0,14630.0,29945.0,12438.0,17883.0,50.0,10.0,5378.0,725.0,16976.0,21702.0,6082.0,10785.0,3976.0,1087.0,435.0,9933.0,1074.0,1189.0
11356,Bronx,23438.0,14915.0,8303.0,562900.0,1.57,0.0,7751.0,58465.0,11424.0,12014.0,11938.0,608.0,87.0,6389.0,7.0,3515.0,894.0,4065.0,1777.0,1523.0,386.0,4676.0,3075.0,23421.0,0.0,0.0,0.0,0.0,0.0,0.0,17.0,2527.0,1159.0,4065.0,552.0,239.0,3.0,72.0,12.0,40.0,0.0,186.0,87.0,915.0,1488.0,1461.0,8104.0,3852.0,6440.0,5484.0,3903.0,0.0,0.0,832.0,478.0,3206.0,7732.0,1047.0,2851.0,859.0,105.0,29.0,3346.0,458.0,399.0
11357,Bronx,39150.0,13973.0,15924.0,590800.0,2.8,0.0,15149.0,71978.0,18574.0,20576.0,29814.0,376.0,33.0,7158.0,3.0,1052.0,714.0,8560.0,2134.0,3967.0,488.0,10983.0,4166.0,38767.0,0.0,0.0,368.0,0.0,0.0,0.0,15.0,6436.0,4895.0,3818.0,775.0,181.0,18.0,160.0,67.0,120.0,0.0,229.0,83.0,1076.0,1585.0,1493.0,13258.0,6754.0,13592.0,12007.0,4487.0,5.0,0.0,547.0,346.0,4010.0,13508.0,2253.0,6441.0,2399.0,869.0,335.0,4306.0,1880.0,403.0
11358,Bronx,37546.0,19260.0,14068.0,625200.0,1.95,0.0,13380.0,65722.0,18220.0,19326.0,18838.0,414.0,47.0,15053.0,4.0,2237.0,953.0,7587.0,2281.0,2889.0,623.0,9317.0,4063.0,37482.0,0.0,0.0,0.0,0.0,0.0,0.0,64.0,4531.0,2992.0,5857.0,688.0,307.0,17.0,76.0,38.0,75.0,0.0,175.0,174.0,2463.0,1822.0,1442.0,13130.0,6800.0,12530.0,10222.0,6139.0,137.0,9.0,784.0,345.0,4623.0,11332.0,2017.0,6640.0,2959.0,598.0,254.0,4007.0,1320.0,343.0
11359,Bronx,0.0,,0.0,,0.0,0.0,0.0,,,,,,,,,,,,,,,,,,,,,,,,,,,,,,,,,,,,,,,,,,,,,,,,,,,,,,,,,,
11360,Bronx,18884.0,13251.0,9308.0,524000.0,1.43,0.0,8758.0,76183.0,8581.0,10303.0,13408.0,289.0,12.0,4458.0,1.0,424.0,292.0,4166.0,980.0,3294.0,318.0,7016.0,1742.0,18868.0,0.0,0.0,0.0,0.0,0.0,0.0,16.0,3246.0,2972.0,2540.0,550.0,150.0,19.0,70.0,37.0,155.0,0.0,119.0,178.0,1010.0,532.0,1093.0,6571.0,3448.0,6998.0,5785.0,2485.0,4.0,0.0,288.0,314.0,1027.0,5949.0,1072.0,3837.0,2312.0,856.0,341.0,1711.0,652.0,165.0
11361,Bronx,28606.0,16269.0,11195.0,574200.0,1.76,0.02,10645.0,75335.0,13687.0,14919.0,15570.0,1117.0,23.0,10120.0,7.0,1132.0,637.0,5586.0,1734.0,2767.0,558.0,7387.0,3258.0,28138.0,0.0,12.0,376.0,0.0,0.0,0.0,80.0,3860.0,2074.0,4711.0,550.0,214.0,20.0,78.0,42.0,56.0,0.0,140.0,93.0,1397.0,1827.0,1349.0,10757.0,5518.0,8860.0,8869.0,4623.0,0.0,0.0,636.0,441.0,2619.0,8811.0,1452.0,5572.0,2605.0,546.0,480.0,3594.0,1306.0,315.0
11362,Bronx,17823.0,7081.0,7347.0,538000.0,2.52,0.04,7020.0,82332.0,8450.0,9373.0,10136.0,281.0,17.0,6673.0,2.0,356.0,358.0,3915.0,865.0,2011.0,229.0,5077.0,1943.0,17591.0,0.0,0.0,115.0,0.0,29.0,0.0,88.0,3253.0,2436.0,1331.0,327.0,65.0,12.0,71.0,20.0,63.0,0.0,96.0,52.0,375.0,560.0,517.0,6959.0,2979.0,5080.0,5988.0,1843.0,0.0,0.0,372.0,378.0,1252.0,4519.0,684.0,4245.0,2030.0,612.0,314.0,1957.0,586.0,129.0
11363,Bronx,6988.0,8045.0,2797.0,714200.0,0.87,0.0,2669.0,90799.0,3322.0,3666.0,4419.0,76.0,10.0,2185.0,0.0,163.0,135.0,1598.0,326.0,676.0,69.0,1848.0,821.0,6988.0,0.0,0.0,0.0,0.0,0.0,0.0,0.0,1143.0,761.0,765.0,128.0,44.0,3.0,20.0,16.0,18.0,0.0,27.0,54.0,237.0,350.0,189.0,2726.0,1182.0,1988.0,2421.0,973.0,0.0,0.0,124.0,153.0,318.0,1535.0,484.0,1669.0,653.0,278.0,102.0,1183.0,203.0,89.0
11364,Bronx,34555.0,14013.0,13835.0,510800.0,2.47,0.0,13287.0,72909.0,16332.0,18223.0,15963.0,786.0,25.0,16258.0,7.0,817.0,699.0,7229.0,2025.0,3626.0,407.0,9251.0,4036.0,34485.0,0.0,5.0,5.0,0.0,0.0,0.0,60.0,5884.0,3832.0,3571.0,548.0,145.0,9.0,93.0,38.0,126.0,0.0,137.0,13.0,831.0,1317.0,1259.0,12329.0,5662.0,10702.0,10187.0,4513.0,24.0,0.0,495.0,600.0,2694.0,9815.0,1729.0,6760.0,3508.0,712.0,380.0,4756.0,760.0,292.0
11365,Bronx,42252.0,16923.0,16098.0,580300.0,2.5,0.02,15463.0,55492.0,19921.0,22331.0,17213.0,3734.0,121.0,17605.0,17.0,2093.0,1469.0,8077.0,2936.0,3864.0,586.0,10411.0,5052.0,42008.0,0.0,0.0,222.0,0.0,0.0,0.0,22.0,3822.0,2892.0,8749.0,635.0,248.0,28.0,84.0,29.0,66.0,0.0,180.0,386.0,2480.0,4020.0,1288.0,12306.0,8210.0,13302.0,10133.0,6478.0,66.0,0.0,488.0,364.0,4309.0,12101.0,2984.0,6317.0,2978.0,818.0,415.0,5571.0,1279.0,385.0
11366,Bronx,13532.0,12362.0,4723.0,610100.0,1.09,0.0,4519.0,71350.0,6523.0,7009.0,6227.0,859.0,39.0,5472.0,12.0,533.0,390.0,2733.0,692.0,841.0,253.0,3020.0,1499.0,13359.0,0.0,10.0,127.0,0.0,0.0,0.0,36.0,1935.0,1245.0,1339.0,204.0,61.0,2.0,25.0,20.0,24.0,0.0,72.0,19.0,199.0,692.0,382.0,4212.0,2620.0,4320.0,2999.0,2391.0,0.0,0.0,261.0,108.0,1174.0,3176.0,684.0,2559.0,1222.0,213.0,154.0,1471.0,550.0,273.0
11367,Bronx,41047.0,17252.0,15588.0,376400.0,2.38,0.19,14972.0,56608.0,19559.0,21488.0,24397.0,4106.0,106.0,8570.0,16.0,2185.0,1667.0,7331.0,2967.0,3964.0,710.0,10077.0,4895.0,40157.0,7.0,6.0,10.0,0.0,802.0,0.0,65.0,4599.0,2741.0,7632.0,616.0,245.0,21.0,105.0,35.0,71.0,0.0,139.0,209.0,2748.0,3701.0,1087.0,12702.0,6652.0,12032.0,7901.0,7469.0,63.0,12.0,955.0,464.0,3530.0,9455.0,2341.0,6542.0,3409.0,896.0,363.0,4163.0,3001.0,762.0
11368,Bronx,109931.0,41768.0,30978.0,480900.0,2.63,0.04,28861.0,45964.0,58421.0,51510.0,35181.0,12793.0,1675.0,11006.0,43.0,42535.0,6698.0,12837.0,9452.0,4620.0,1952.0,14818.0,14043.0,108919.0,0.0,0.0,578.0,0.0,0.0,0.0,434.0,4085.0,1754.0,23022.0,2117.0,891.0,26.0,256.0,18.0,124.0,5.0,797.0,1302.0,5834.0,8559.0,6944.0,35610.0,21110.0,27251.0,10930.0,33583.0,265.0,0.0,5306.0,972.0,27547.0,29325.0,4144.0,5984.0,1356.0,659.0,196.0,17025.0,1160.0,2491.0
11369,Bronx,38615.0,36170.0,12184.0,464500.0,1.07,0.0,11194.0,53617.0,19285.0,19330.0,13277.0,7653.0,444.0,3411.0,27.0,11596.0,2207.0,4806.0,3495.0,2260.0,633.0,6334.0,4860.0,37587.0,0.0,0.0,492.0,0.0,105.0,0.0,431.0,3564.0,1679.0,5951.0,990.0,298.0,35.0,105.0,35.0,84.0,0.0,433.0,297.0,1394.0,2320.0,1936.0,14098.0,6634.0,11800.0,6025.0,10413.0,141.0,11.0,1752.0,462.0,6793.0,13861.0,1498.0,2971.0,1126.0,294.0,35.0,5905.0,898.0,790.0
11370,Bronx,39688.0,27899.0,10244.0,517100.0,1.42,0.0,9415.0,52500.0,24539.0,15149.0,16550.0,7044.0,266.0,6719.0,37.0,7745.0,1327.0,4780.0,1977.0,2015.0,643.0,5957.0,3458.0,28555.0,11091.0,0.0,7.0,0.0,0.0,0.0,35.0,2667.0,1609.0,5139.0,829.0,247.0,10.0,56.0,16.0,138.0,2.0,360.0,155.0,1157.0,2043.0,1136.0,9998.0,5635.0,16419.0,4531.0,6209.0,86.0,16.0,1083.0,165.0,7924.0,10728.0,1735.0,3134.0,1259.0,418.0,104.0,4011.0,510.0,765.0
11371,Bronx,0.0,,0.0,,0.0,0.0,0.0,,,,,,,,,,,,,,,,,,,,,,,,,,,,,,,,,,,,,,,,,,,,,,,,,,,,,,,,,,
11372,Bronx,66636.0,90360.0,25100.0,265500.0,0.74,0.0,23906.0,48683.0,33683.0,32953.0,30546.0,2094.0,564.0,13664.0,28.0,16286.0,3454.0,9690.0,5233.0,6647.0,2336.0,16485.0,7421.0,66273.0,0.0,0.0,270.0,0.0,0.0,0.0,93.0,4831.0,3312.0,15763.0,1194.0,496.0,36.0,180.0,38.0,113.0,0.0,331.0,2042.0,8038.0,4975.0,1469.0,24736.0,10786.0,17810.0,5489.0,23217.0,211.0,0.0,2762.0,654.0,11466.0,17929.0,3417.0,8866.0,3516.0,643.0,505.0,7707.0,622.0,637.0
11373,Bronx,100820.0,66007.0,33227.0,499600.0,1.53,0.0,31348.0,47667.0,51175.0,49645.0,26937.0,2098.0,763.0,47481.0,55.0,18929.0,4557.0,15172.0,7359.0,5936.0,2881.0,19832.0,11516.0,100703.0,10.0,20.0,0.0,31.0,0.0,0.0,56.0,4796.0,3582.0,22970.0,1879.0,893.0,55.0,190.0,51.0,118.0,1.0,571.0,2435.0,9925.0,6845.0,3580.0,37176.0,14337.0,30764.0,8113.0,34686.0,48.0,47.0,3675.0,773.0,21259.0,25668.0,5398.0,13030.0,3588.0,972.0,474.0,12857.0,1084.0,1740.0
11374,Bronx,43600.0,46664.0,20225.0,297300.0,0.93,0.0,19311.0,52532.0,20464.0,23136.0,26838.0,1306.0,113.0,11652.0,20.0,2223.0,1448.0,8192.0,3073.0,6895.0,1151.0,14922.0,4389.0,43559.0,0.0,0.0,0.0,0.0,0.0,0.0,41.0,4829.0,3024.0,11458.0,914.0,458.0,28.0,116.0,50.0,108.0,0.0,154.0,1378.0,5833.0,3851.0,1092.0,16304.0,6842.0,12764.0,6378.0,11815.0,69.0,0.0,1907.0,651.0,3052.0,10694.0,3065.0,9881.0,4025.0,1352.0,570.0,4342.0,887.0,443.0
11375,Bronx,68733.0,34707.0,34631.0,358300.0,1.98,0.0,32547.0,72000.0,31722.0,37011.0,44925.0,2004.0,112.0,17378.0,26.0,2206.0,2082.0,13693.0,3791.0,12981.0,2082.0,25691.0,6856.0,68268.0,0.0,0.0,438.0,0.0,0.0,0.0,27.0,9809.0,6372.0,16366.0,2084.0,765.0,66.0,471.0,153.0,337.0,0.0,292.0,1664.0,7024.0,5981.0,1357.0,27077.0,11035.0,20789.0,9164.0,21343.0,24.0,0.0,2486.0,1519.0,4023.0,15901.0,3789.0,16115.0,9912.0,2829.0,1387.0,5847.0,2950.0,651.0
11377,Bronx,89830.0,35274.0,33545.0,395800.0,2.55,0.0,31412.0,49886.0,45234.0,44596.0,34036.0,3060.0,799.0,32899.0,36.0,14604.0,4396.0,13544.0,6531.0,8097.0,3240.0,21411.0,10001.0,89438.0,0.0,0.0,200.0,0.0,0.0,0.0,192.0,5487.0,3787.0,22138.0,2133.0,812.0,63.0,226.0,62.0,198.0,1.0,771.0,1915.0,9589.0,8070.0,3281.0,33345.0,14402.0,24135.0,9130.0,29997.0,308.0,52.0,2939.0,726.0,15563.0,23028.0,5693.0,12553.0,4143.0,769.0,374.0,10707.0,1570.0,1178.0
11378,Bronx,34981.0,13697.0,13668.0,538600.0,2.55,0.06,12762.0,57474.0,17124.0,17857.0,25712.0,551.0,139.0,3634.0,17.0,4018.0,910.0,6391.0,2507.0,3105.0,759.0,8434.0,4328.0,34744.0,0.0,0.0,191.0,0.0,0.0,0.0,46.0,3832.0,2456.0,6474.0,906.0,369.0,19.0,103.0,28.0,52.0,0.0,335.0,128.0,1819.0,2914.0,1117.0,11783.0,4942.0,9733.0,7029.0,6931.0,54.0,9.0,1020.0,273.0,4102.0,12065.0,1885.0,3557.0,1233.0,258.0,123.0,3662.0,956.0,502.0
11379,Bronx,34821.0,16785.0,14649.0,543800.0,2.07,0.0,13881.0,69843.0,16529.0,18292.0,28929.0,363.0,59.0,2839.0,10.0,1989.0,632.0,7024.0,2238.0,3991.0,628.0,9995.0,3886.0,34472.0,0.0,0.0,340.0,0.0,0.0,0.0,9.0,4435.0,3307.0,6139.0,768.0,277.0,10.0,119.0,21.0,59.0,0.0,282.0,323.0,1519.0,2502.0,1248.0,13597.0,4383.0,12228.0,8685.0,6838.0,48.0,12.0,881.0,260.0,4271.0,12758.0,1760.0,5138.0,2413.0,432.0,199.0,3857.0,1209.0,365.0
11380,Bronx,,,,,,,,,,,,,,,,,,,,,,,,,,,,,,,,,,,,,,,,,,,,,,,,,,,,,,,,,,,,,,,,,
11381,Bronx,,,,,,,,,,,,,,,,,,,,,,,,,,,,,,,,,,,,,,,,,,,,,,,,,,,,,,,,,,,,,,,,,
11385,Bronx,98592.0,27290.0,37251.0,495800.0,3.61,0.03,34843.0,50799.0,48510.0,50082.0,64585.0,3310.0,722.0,6397.0,60.0,19680.0,3838.0,16022.0,8439.0,7919.0,2463.0,21809.0,13034.0,98469.0,0.0,31.0,13.0,0.0,0.0,0.0,79.0,6378.0,3828.0,24637.0,2408.0,1066.0,85.0,168.0,51.0,172.0,0.0,866.0,484.0,4241.0,14098.0,5906.0,35957.0,12386.0,30771.0,12784.0,26422.0,55.0,69.0,3621.0,791.0,14883.0,34675.0,3652.0,8740.0,3456.0,441.0,285.0,14984.0,1662.0,2157.0
11386,Bronx,,,,,,,,,,,,,,,,,,,,,,,,,,,,,,,,,,,,,,,,,,,,,,,,,,,,,,,,,,,,,,,,,
11390,Bronx,,,,,,,,,,,,,,,,,,,,,,,,,,,,,,,,,,,,,,,,,,,,,,,,,,,,,,,,,,,,,,,,,
11405,Bronx,,,,,,,,,,,,,,,,,,,,,,,,,,,,,,,,,,,,,,,,,,,,,,,,,,,,,,,,,,,,,,,,,
11411,Bronx,18556.0,15875.0,6164.0,387900.0,1.17,0.0,5893.0,83099.0,8308.0,10248.0,388.0,17320.0,57.0,126.0,5.0,245.0,415.0,2589.0,2042.0,1063.0,199.0,3690.0,2203.0,18539.0,0.0,0.0,0.0,0.0,0.0,0.0,17.0,3677.0,1151.0,1065.0,271.0,55.0,7.0,63.0,22.0,17.0,0.0,107.0,12.0,307.0,449.0,340.0,7010.0,3275.0,5843.0,5244.0,3351.0,0.0,0.0,172.0,317.0,1397.0,6970.0,1075.0,2660.0,1254.0,148.0,126.0,2075.0,554.0,83.0
11412,Bronx,34882.0,21186.0,11526.0,385700.0,1.65,0.0,10691.0,70672.0,15589.0,19293.0,487.0,32100.0,126.0,365.0,10.0,843.0,951.0,3718.0,4433.0,2079.0,461.0,6242.0,4449.0,34695.0,0.0,20.0,0.0,0.0,0.0,0.0,167.0,5786.0,1552.0,3353.0,835.0,192.0,18.0,169.0,13.0,20.0,0.0,423.0,127.0,524.0,1209.0,875.0,13125.0,6518.0,10409.0,8964.0,7416.0,23.0,0.0,478.0,478.0,3295.0,13456.0,2822.0,3745.0,1445.0,108.0,65.0,5779.0,1064.0,351.0
11413,Bronx,38912.0,12553.0,12975.0,406200.0,3.1,0.03,12227.0,78667.0,17667.0,21245.0,879.0,35725.0,149.0,343.0,9.0,835.0,972.0,4815.0,4769.0,2132.0,511.0,7189.0,5038.0,38603.0,234.0,6.0,10.0,0.0,0.0,0.0,59.0,6709.0,1690.0,3828.0,748.0,227.0,24.0,127.0,21.0,26.0,0.0,323.0,125.0,400.0,978.0,1533.0,15184.0,6421.0,10862.0,10546.0,7464.0,121.0,0.0,358.0,414.0,3869.0,13743.0,2569.0,4540.0,2111.0,244.0,168.0,5928.0,1348.0,387.0
11414,Bronx,26148.0,11370.0,11330.0,501700.0,2.3,0.09,10695.0,66790.0,12295.0,13853.0,22754.0,528.0,53.0,942.0,7.0,1334.0,530.0,5174.0,1852.0,3258.0,411.0,7993.0,2702.0,26134.0,0.0,0.0,0.0,0.0,0.0,0.0,14.0,4490.0,3205.0,3000.0,635.0,115.0,7.0,156.0,41.0,122.0,0.0,194.0,88.0,566.0,944.0,1325.0,9442.0,4513.0,9466.0,8431.0,3653.0,36.0,0.0,338.0,182.0,3654.0,10497.0,1751.0,3504.0,1451.0,211.0,159.0,3165.0,939.0,306.0
11415,Bronx,19341.0,34042.0,9206.0,289800.0,0.57,0.0,8614.0,63549.0,9255.0,10086.0,12041.0,1415.0,65.0,3241.0,13.0,1655.0,911.0,3218.0,1254.0,3401.0,741.0,6689.0,1925.0,19312.0,0.0,0.0,0.0,0.0,0.0,0.0,29.0,2023.0,839.0,5752.0,592.0,291.0,22.0,70.0,16.0,121.0,0.0,72.0,513.0,3152.0,1287.0,485.0,7956.0,2966.0,5093.0,3514.0,5341.0,186.0,10.0,612.0,385.0,1516.0,4620.0,1518.0,3561.0,2258.0,486.0,223.0,1882.0,770.0,204.0
11416,Bronx,24861.0,37347.0,7806.0,447200.0,0.67,0.0,7227.0,56724.0,12369.0,12492.0,7899.0,2808.0,361.0,5718.0,27.0,6061.0,1987.0,3509.0,2214.0,1137.0,367.0,3762.0,3465.0,24779.0,0.0,23.0,0.0,0.0,0.0,0.0,59.0,2163.0,687.0,4377.0,579.0,282.0,8.0,66.0,24.0,29.0,0.0,170.0,102.0,1025.0,1442.0,1457.0,8132.0,4552.0,7600.0,3852.0,6010.0,83.0,0.0,633.0,446.0,4279.0,7156.0,1289.0,2421.0,780.0,210.0,154.0,4717.0,554.0,538.0
11417,Bronx,28967.0,25886.0,9714.0,442900.0,1.12,0.0,9230.0,62086.0,14008.0,14959.0,11888.0,2589.0,392.0,5894.0,37.0,5920.0,2247.0,4760.0,2299.0,1808.0,363.0,5392.0,3838.0,28951.0,0.0,0.0,0.0,0.0,0.0,0.0,16.0,3639.0,1198.0,4393.0,484.0,215.0,10.0,76.0,34.0,32.0,0.0,117.0,145.0,1255.0,1786.0,1113.0,10376.0,5539.0,8451.0,6142.0,6587.0,41.0,0.0,660.0,387.0,4268.0,10098.0,1661.0,2804.0,1126.0,238.0,64.0,4761.0,745.0,713.0
11418,Bronx,36256.0,22201.0,11854.0,427000.0,1.63,0.0,11031.0,60691.0,18172.0,18084.0,13398.0,3955.0,445.0,7547.0,74.0,7939.0,2898.0,5445.0,2751.0,2178.0,657.0,6340.0,4691.0,35869.0,0.0,0.0,219.0,0.0,0.0,0.0,168.0,3437.0,1085.0,6509.0,823.0,370.0,16.0,108.0,24.0,65.0,0.0,240.0,264.0,2216.0,2367.0,1494.0,12120.0,6733.0,9899.0,5672.0,8664.0,123.0,26.0,1248.0,513.0,5770.0,10471.0,1657.0,3895.0,1892.0,324.0,113.0,6018.0,895.0,643.0
11419,Bronx,47211.0,41805.0,13454.0,442900.0,1.13,0.0,12688.0,56735.0,23557.0,23654.0,5825.0,8585.0,908.0,15658.0,99.0,9497.0,6639.0,7290.0,3537.0,1430.0,431.0,6546.0,6142.0,47161.0,0.0,10.0,0.0,0.0,0.0,0.0,40.0,4994.0,1260.0,6434.0,766.0,282.0,13.0,80.0,8.0,51.0,0.0,332.0,30.0,1243.0,2368.0,1749.0,16560.0,8865.0,14887.0,8948.0,11768.0,94.0,36.0,1399.0,385.0,8671.0,16405.0,1722.0,4428.0,1205.0,152.0,44.0,7560.0,1002.0,695.0
11420,Bronx,44354.0,21345.0,13743.0,421200.0,2.08,0.0,12918.0,59832.0,21457.0,22897.0,6902.0,14452.0,749.0,8921.0,92.0,8473.0,4765.0,6854.0,3809.0,1804.0,451.0,7022.0,5896.0,44258.0,0.0,12.0,0.0,0.0,0.0,0.0,84.0,6371.0,1569.0,4978.0,825.0,240.0,12.0,126.0,49.0,42.0,0.0,356.0,111.0,774.0,1823.0,1380.0,16415.0,8691.0,13713.0,11123.0,9567.0,208.0,8.0,560.0,406.0,7122.0,16589.0,2274.0,4420.0,1238.0,251.0,49.0,7041.0,1373.0,667.0
11421,Bronx,39127.0,30376.0,12695.0,414700.0,1.29,0.0,11845.0,60897.0,19312.0,19815.0,16907.0,3047.0,504.0,6153.0,26.0,9921.0,2569.0,5789.0,3327.0,2169.0,560.0,6698.0,5147.0,39108.0,0.0,0.0,0.0,0.0,0.0,0.0,19.0,4242.0,1655.0,5948.0,850.0,334.0,14.0,182.0,27.0,45.0,1.0,247.0,108.0,1241.0,2467.0,1884.0,15023.0,6954.0,11396.0,6859.0,10887.0,55.0,0.0,1033.0,548.0,6493.0,13116.0,2012.0,4059.0,1512.0,190.0,75.0,6324.0,1251.0,1001.0
11422,Bronx,30425.0,15456.0,9900.0,413800.0,1.97,0.08,9408.0,84824.0,13815.0,16610.0,2208.0,25474.0,131.0,643.0,6.0,1100.0,863.0,4049.0,3370.0,1601.0,388.0,5217.0,4191.0,30385.0,0.0,0.0,0.0,0.0,0.0,0.0,40.0,5222.0,892.0,3294.0,492.0,171.0,9.0,82.0,27.0,31.0,0.0,172.0,77.0,492.0,772.0,1941.0,12730.0,5815.0,7197.0,9729.0,5850.0,49.0,0.0,424.0,442.0,2239.0,10594.0,2177.0,4464.0,1474.0,328.0,176.0,5521.0,1185.0,249.0
11423,Bronx,29987.0,21254.0,10165.0,422200.0,1.41,0.0,9559.0,60892.0,14160.0,15827.0,4587.0,12702.0,350.0,5902.0,45.0,4041.0,2360.0,4437.0,2738.0,1999.0,385.0,5974.0,3585.0,29605.0,0.0,0.0,315.0,0.0,0.0,0.0,67.0,3867.0,1494.0,4198.0,606.0,270.0,9.0,89.0,18.0,25.0,0.0,195.0,413.0,1422.0,1310.0,717.0,10721.0,5674.0,9509.0,6997.0,6621.0,48.0,6.0,479.0,197.0,4711.0,9839.0,1505.0,3753.0,1264.0,519.0,168.0,4493.0,777.0,397.0
11424,Bronx,0.0,,0.0,,0.0,0.0,0.0,,,,,,,,,,,,,,,,,,,,,,,,,,,,,,,,,,,,,,,,,,,,,,,,,,,,,,,,,,
11425,Brooklyn,0.0,,0.0,,0.0,0.0,0.0,,,,,,,,,,,,,,,,,,,,,,,,,,,,,,,,,,,,,,,,,,,,,,,,,,,,,,,,,,
11426,Bronx,17590.0,13039.0,6389.0,460500.0,1.35,0.0,6056.0,82301.0,8542.0,9048.0,8141.0,992.0,69.0,6296.0,4.0,1198.0,890.0,3461.0,960.0,1430.0,205.0,4007.0,2049.0,17454.0,0.0,0.0,0.0,78.0,0.0,0.0,58.0,3078.0,1452.0,1526.0,333.0,115.0,3.0,47.0,22.0,40.0,0.0,106.0,0.0,499.0,529.0,292.0,6750.0,3711.0,5263.0,6768.0,2139.0,42.0,0.0,144.0,166.0,1458.0,6035.0,1034.0,3104.0,1572.0,289.0,131.0,2502.0,681.0,157.0
11427,Bronx,23593.0,14967.0,7958.0,458400.0,1.58,0.0,7683.0,70108.0,11420.0,12173.0,6630.0,5660.0,146.0,7592.0,51.0,2271.0,1243.0,4097.0,1608.0,1743.0,235.0,4928.0,2755.0,22753.0,0.0,6.0,113.0,402.0,0.0,0.0,319.0,3091.0,1478.0,3114.0,275.0,84.0,7.0,60.0,9.0,13.0,0.0,102.0,148.0,1406.0,979.0,472.0,8966.0,4093.0,7632.0,7164.0,3930.0,69.0,0.0,306.0,219.0,2479.0,7338.0,1589.0,4196.0,1465.0,257.0,123.0,3030.0,679.0,258.0
11428,Bronx,19168.0,23021.0,5780.0,407700.0,0.83,0.0,5540.0,69330.0,9289.0,9879.0,4373.0,4683.0,173.0,5120.0,41.0,3086.0,1692.0,3197.0,1384.0,782.0,177.0,3154.0,2386.0,19149.0,0.0,6.0,0.0,0.0,0.0,0.0,13.0,2893.0,834.0,1813.0,240.0,104.0,6.0,32.0,13.0,14.0,1.0,70.0,28.0,672.0,552.0,610.0,7402.0,3744.0,5766.0,5521.0,3728.0,20.0,28.0,446.0,197.0,2710.0,6517.0,1500.0,2415.0,778.0,99.0,50.0,2647.0,440.0,284.0
11429,Bronx,25105.0,19296.0,7791.0,384700.0,1.3,0.0,7290.0,68890.0,11551.0,13554.0,1529.0,20289.0,144.0,840.0,34.0,1350.0,919.0,3106.0,2763.0,1115.0,306.0,4185.0,3105.0,24963.0,0.0,34.0,68.0,0.0,0.0,0.0,40.0,3996.0,911.0,2383.0,501.0,135.0,12.0,124.0,15.0,24.0,0.0,191.0,56.0,548.0,921.0,1014.0,9633.0,5324.0,8503.0,6718.0,5139.0,47.0,3.0,321.0,405.0,3121.0,10527.0,1840.0,2584.0,1069.0,160.0,58.0,4056.0,667.0,373.0
11430,Bronx,184.0,26.0,0.0,,7.12,0.26,0.0,,68.0,116.0,20.0,126.0,0.0,8.0,0.0,25.0,5.0,,,,,,,0.0,0.0,0.0,0.0,0.0,0.0,0.0,184.0,,,,,,,,,,,,,,,,12.0,51.0,77.0,0.0,48.0,0.0,0.0,10.0,0.0,29.0,78.0,0.0,6.0,6.0,0.0,0.0,,,
11431,Bronx,,,,,,,,,,,,,,,,,,,,,,,,,,,,,,,,,,,,,,,,,,,,,,,,,,,,,,,,,,,,,,,,,
11432,Bronx,60809.0,28295.0,19518.0,519000.0,2.15,0.0,18448.0,50450.0,29988.0,30821.0,14496.0,12023.0,614.0,21601.0,62.0,8336.0,3677.0,8934.0,3917.0,4509.0,1088.0,11575.0,6873.0,56474.0,0.0,12.0,1092.0,0.0,2228.0,0.0,1003.0,4703.0,2070.0,11675.0,1070.0,590.0,26.0,124.0,32.0,72.0,0.0,226.0,1790.0,4582.0,2874.0,2063.0,19288.0,11748.0,19019.0,8289.0,15031.0,179.0,0.0,2459.0,730.0,9463.0,14110.0,3183.0,8562.0,3932.0,1122.0,426.0,8577.0,1300.0,748.0
11433,Bronx,32687.0,21062.0,11483.0,379700.0,1.55,0.0,10230.0,42887.0,14819.0,17868.0,1719.0,24602.0,401.0,1637.0,26.0,2961.0,1341.0,3115.0,4196.0,2500.0,419.0,5781.0,4449.0,31960.0,0.0,0.0,15.0,0.0,0.0,0.0,712.0,3504.0,749.0,5977.0,1253.0,457.0,12.0,256.0,35.0,19.0,0.0,474.0,341.0,1499.0,1973.0,1970.0,9923.0,5279.0,9629.0,5319.0,6408.0,98.0,0.0,779.0,171.0,5020.0,10344.0,1420.0,2148.0,967.0,100.0,33.0,6186.0,823.0,765.0
11434,Bronx,59129.0,18256.0,21681.0,371900.0,3.24,0.07,20244.0,59229.0,25829.0,33300.0,1709.0,52244.0,273.0,906.0,26.0,2218.0,1753.0,6101.0,7899.0,5486.0,758.0,12513.0,7731.0,57455.0,0.0,13.0,378.0,0.0,0.0,0.0,1283.0,7413.0,2077.0,10754.0,1437.0,601.0,44.0,265.0,29.0,21.0,0.0,477.0,215.0,2682.0,3637.0,3764.0,22122.0,10135.0,17189.0,13031.0,11727.0,112.0,0.0,950.0,788.0,6141.0,22876.0,3576.0,5680.0,2599.0,318.0,83.0,10261.0,1781.0,664.0
11435,Bronx,53687.0,35447.0,18963.0,338100.0,1.51,0.0,17724.0,53041.0,26353.0,27334.0,14171.0,14858.0,627.0,10565.0,120.0,9804.0,3542.0,7640.0,4613.0,4368.0,1103.0,11083.0,6641.0,52581.0,0.0,0.0,316.0,55.0,10.0,0.0,725.0,4628.0,1737.0,11359.0,1239.0,612.0,27.0,208.0,39.0,26.0,0.0,327.0,814.0,4866.0,3895.0,2072.0,18817.0,9202.0,15097.0,7749.0,15575.0,79.0,0.0,1352.0,386.0,8268.0,15036.0,2907.0,6754.0,2708.0,555.0,382.0,7738.0,907.0,1123.0
11436,Bronx,17949.0,22783.0,5924.0,365500.0,0.79,0.0,5353.0,62114.0,8379.0,9570.0,693.0,13590.0,207.0,1159.0,18.0,1371.0,911.0,2166.0,2110.0,870.0,207.0,2886.0,2467.0,17748.0,0.0,0.0,0.0,0.0,0.0,0.0,201.0,2789.0,701.0,1863.0,571.0,164.0,19.0,141.0,21.0,19.0,0.0,207.0,18.0,161.0,697.0,734.0,6030.0,3033.0,5085.0,3976.0,3449.0,34.0,0.0,350.0,140.0,2272.0,6610.0,836.0,1373.0,611.0,36.0,25.0,2853.0,367.0,211.0
11439,Bronx,,,,,,,,,,,,,,,,,,,,,,,,,,,,,,,,,,,,,,,,,,,,,,,,,,,,,,,,,,,,,,,,,
11451,Bronx,0.0,,0.0,,0.0,0.0,0.0,,,,,,,,,,,,,,,,,,,,,,,,,,,,,,,,,,,,,,,,,,,,,,,,,,,,,,,,,,
11499,Bronx,,,,,,,,,,,,,,,,,,,,,,,,,,,,,,,,,,,,,,,,,,,,,,,,,,,,,,,,,,,,,,,,,
11690,Bronx,,,,,,,,,,,,,,,,,,,,,,,,,,,,,,,,,,,,,,,,,,,,,,,,,,,,,,,,,,,,,,,,,
11691,Bronx,60035.0,21185.0,21160.0,448200.0,2.83,0.03,19518.0,39409.0,28160.0,31875.0,18605.0,30103.0,475.0,1197.0,62.0,7220.0,2373.0,6454.0,6655.0,5643.0,766.0,11146.0,8372.0,57204.0,0.0,0.0,2484.0,0.0,36.0,0.0,311.0,3692.0,903.0,14923.0,1642.0,900.0,44.0,272.0,17.0,36.0,1.0,372.0,1541.0,4652.0,4514.0,3410.0,16301.0,8614.0,19913.0,9189.0,9778.0,110.0,0.0,2690.0,504.0,9666.0,16247.0,2319.0,4871.0,2135.0,476.0,270.0,9356.0,3773.0,1438.0
11692,Bronx,18540.0,18566.0,6881.0,355800.0,1.0,0.07,6195.0,43354.0,8465.0,10075.0,3049.0,12304.0,117.0,519.0,9.0,1829.0,713.0,1788.0,2593.0,1601.0,213.0,3409.0,2786.0,17569.0,0.0,0.0,729.0,0.0,0.0,0.0,242.0,1393.0,379.0,4423.0,686.0,374.0,7.0,97.0,20.0,13.0,0.0,175.0,126.0,1041.0,1612.0,1195.0,4868.0,2581.0,5879.0,2941.0,2931.0,0.0,0.0,305.0,175.0,2700.0,5395.0,871.0,1444.0,457.0,216.0,19.0,3673.0,362.0,296.0
11693,Bronx,11916.0,11950.0,5170.0,323100.0,1.0,0.0,4703.0,50570.0,5541.0,6375.0,6601.0,3673.0,62.0,372.0,1.0,818.0,389.0,1671.0,1365.0,1459.0,208.0,3158.0,1545.0,11647.0,0.0,0.0,0.0,0.0,0.0,0.0,269.0,1278.0,842.0,2583.0,467.0,155.0,7.0,71.0,16.0,72.0,0.0,146.0,197.0,585.0,1121.0,623.0,3317.0,1751.0,4063.0,2326.0,1705.0,0.0,0.0,239.0,97.0,1453.0,3814.0,570.0,1320.0,308.0,141.0,58.0,1686.0,320.0,156.0
11694,Bronx,20408.0,14944.0,9341.0,623200.0,1.37,0.0,8276.0,76944.0,9962.0,10446.0,16829.0,1872.0,39.0,513.0,10.0,784.0,361.0,3514.0,1339.0,3027.0,396.0,6057.0,2219.0,19138.0,0.0,57.0,738.0,0.0,103.0,0.0,372.0,2592.0,1431.0,4253.0,1065.0,339.0,7.0,96.0,20.0,387.0,0.0,216.0,381.0,1427.0,1071.0,741.0,6875.0,3492.0,7268.0,5583.0,2517.0,0.0,20.0,606.0,265.0,1893.0,6585.0,1324.0,3116.0,1983.0,689.0,115.0,2444.0,1451.0,281.0
11695,Bronx,,,,,,,,,,,,,,,,,,,,,,,,,,,,,,,,,,,,,,,,,,,,,,,,,,,,,,,,,,,,,,,,,
11697,Bronx,4079.0,1838.0,2698.0,525600.0,2.22,0.0,1736.0,87636.0,1886.0,2193.0,4004.0,5.0,5.0,24.0,1.0,15.0,25.0,895.0,226.0,567.0,48.0,1325.0,411.0,4078.0,0.0,0.0,0.0,0.0,0.0,0.0,1.0,750.0,951.0,35.0,962.0,11.0,1.0,4.0,5.0,915.0,0.0,26.0,0.0,0.0,22.0,30.0,1174.0,668.0,1531.0,1082.0,278.0,0.0,0.0,112.0,24.0,170.0,1343.0,210.0,767.0,464.0,110.0,21.0,434.0,428.0,11.0
